book_id,group_vocab
1,교육
2,철학
3,역사
4,환경
5,역사
6,혁신
7,건축
8,교육
9,철학
10,기술
11,희망
12,철학
13,설계
14,경제
15,혁신
16,사회
17,환경
18,역사
19,성공
20,환경
21,역사
22,전쟁
24,사회
25,환경
26,역사
27,행복
28,철학
29,희망
30,기술
31,경제
32,기술
33,교육
34,환경
35,기술
36,철학
37,역사
38,기술
39,건강
40,행복
41,윤리
42,성공
43,윤리
44,기술
45,기술
46,기술
47,기술
48,경제
49,기술
50,철학
51,행복
52,윤리
53,환경
54,사회
55,운동
56,환경
57,환경
58,꿈
59,지식
60,경제
61,희망
62,행복
63,문학
64,철학
65,철학
66,사회
67,기술
68,과학
69,사회
70,지식
71,도전
72,지식
73,교육
74,건강
75,사회
76,환경
77,기술
78,경제
79,기술
80,기술
81,교육
82,기술
83,경제
84,교육
85,역사
86,기술
87,신뢰
88,사회
89,교육
90,철학
91,환경
92,행복
93,철학
94,윤리
95,기술
96,역사
97,명상
98,혁신
99,역사
100,경제
101,기술
102,기술
103,예술
104,전쟁
105,사회
106,기술
107,철학
108,지식
109,행복
110,희망
111,윤리
112,기술
113,기술
114,환경
115,역사
116,행복
117,문학
118,행복
119,역사
120,환경
121,예술
122,건강
123,철학
124,운동
125,환경
126,철학
127,철학
128,사회
129,교육
130,경제
131,윤리
132,교육
133,설계
134,사회
135,교육
136,교육
137,사회
138,윤리
139,철학
140,윤리
141,역사
142,건강
143,설계
144,지식
145,철학
146,꿈
147,기술
148,행복
149,지식
150,지식
151,기술
152,신뢰
153,기술
154,철학
155,사회
156,혁신
157,교육
158,역사
159,기술
160,동물
161,사회
162,행복
163,도전
164,과학
165,철학
166,성공
167,역사
168,지식
169,혁신
170,행복
171,사회
172,기술
173,기술
174,혁신
175,기술
176,철학
177,예술
178,교육
179,사회
180,철학
181,과학
182,행복
183,명상
184,역사
185,행복
186,교육
187,환경
188,지식
189,교육
190,신뢰
191,행복
192,예술
193,역사
194,환경
195,혁신
196,환경
197,예술
198,교육
199,행복
200,교육
201,꿈
202,기술
203,행복
204,기술
205,행복
206,환경
207,동물
208,경제
209,경제
210,문학
211,환경
212,경제
213,동물
214,환경
215,성공
216,역사
217,사회
218,운동
219,교육
220,경제
221,경제
222,행복
223,철학
224,행복
225,교육
226,혁신
227,사회
228,사회
229,철학
230,환경
231,설계
232,꿈
233,문학
234,환경
235,교육
236,기술
237,경제
238,문학
239,혁신
240,환경
241,설계
242,철학
243,기술
244,행복
245,환경
246,환경
247,역사
248,행복
249,철학
250,역사
251,교육
252,성공
253,철학
254,사회
255,기술
256,역사
257,건축
258,사회
259,교육
260,문학
261,문학
262,역사
263,윤리
264,경제
265,경제
266,행복
267,사회
268,문학
269,운명
270,기술
271,건강
272,역사
273,기술
274,철학
275,사회
276,설계
277,교육
278,교육
279,건축
280,환경
281,문학
282,경제
283,경제
284,철학
285,지식
286,건강
287,사회
288,교육
289,과학
290,문학
291,꿈
292,기술
293,기술
294,역사
295,교육
296,혁신
297,경제
298,철학
299,운명
300,역사
301,경제
302,경제
303,과학
304,역사
305,기술
306,기술
307,기술
308,건강
309,철학
310,행복
311,환경
312,희망
313,행복
314,건강
315,경제
316,윤리
317,사회
318,경제
319,성공
320,역사
321,교육
322,교육
323,역사
324,지식
325,경제
326,행복
327,경제
328,윤리
329,환경
330,교육
331,성공
332,기술
333,역사
334,과학
335,기술
336,역사
337,건강
338,철학
339,사회
340,혁신
341,지식
342,신뢰
343,희망
344,역사
345,기술
346,과학
347,교육
348,도시
349,행복
350,문학
351,철학
352,사회
353,운동
354,역사
355,윤리
356,역사
357,기술
358,윤리
359,종교
360,윤리
361,문학
362,사회
363,윤리
364,행복
365,혁신
366,휴식
367,역사
368,과학
369,꿈
370,경제
371,설계
372,경제
373,기술
374,지식
375,설계
376,기술
377,경제
378,경제
379,사회
380,역사
381,혁신
382,사회
383,성공
384,역사
385,과학
386,지식
387,기술
388,기술
389,실패
390,지식
391,철학
392,철학
393,교육
394,건강
395,환경
396,철학
397,문학
398,경제
399,철학
400,명상
401,기술
402,교육
403,역사
404,전쟁
405,기술
406,환경
407,역사
408,사회
409,지식
410,예술
411,교육
412,여행
413,성공
414,역사
415,환경
416,기술
417,성공
418,설계
419,기술
420,사회
421,환경
422,성공
423,지식
424,환경
425,경제
426,기술
427,교육
428,역사
429,환경
430,혁신
431,지식
432,기술
433,예술
434,지식
435,여행
436,행복
437,기술
438,역사
439,기술
440,철학
441,윤리
442,역사
443,문학
444,혁신
445,도전
446,사회
447,윤리
448,기술
449,경제
450,행복
451,여행
452,철학
453,윤리
454,지식
455,교육
456,역사
457,지식
458,교육
459,교육
460,철학
461,교육
462,교육
463,경제
464,철학
465,윤리
466,지식
467,기술
468,교육
469,사회
470,실패
471,평화
472,교육
473,철학
474,평화
475,기술
476,교육
477,문학
478,설계
479,기술
480,과학
481,기술
482,사회
483,경제
484,역사
485,환경
486,기술
487,교육
488,윤리
489,기술
490,기술
491,사회
492,과학
493,철학
494,교육
495,경제
496,경제
497,건강
498,역사
499,행복
500,철학
501,역사
502,꿈
503,윤리
504,사회
505,경제
506,기술
507,역사
508,문학
509,교육
510,성공
511,환경
512,예술
513,환경
514,환경
515,신뢰
516,건강
517,환경
518,기술
519,건강
520,철학
521,성공
522,과학
523,역사
524,환경
525,사회
526,명상
527,기술
528,기술
529,희망
530,기술
531,경제
532,윤리
533,철학
534,환경
535,윤리
536,환경
537,환경
538,혁신
539,기술
540,사회
541,역사
542,교육
543,사회
544,사회
545,희망
546,교육
547,역사
548,기술
549,혁신
550,환경
551,경제
552,환경
553,설계
554,환경
555,과학
556,기술
557,문학
558,역사
559,건강
560,기술
561,예술
562,철학
563,역사
564,기술
565,경제
566,사회
567,기술
568,사회
569,역사
570,경제
571,꿈
572,기술
573,윤리
574,혁신
575,역사
576,행복
577,환경
578,환경
579,건강
580,환경
581,운동
582,지식
583,지식
584,설계
585,설계
586,과학
587,건강
588,과학
589,철학
590,역사
591,성공
592,철학
593,희망
594,철학
595,기술
596,행복
597,경제
598,철학
599,혁신
600,교육
601,철학
602,윤리
603,지식
604,철학
605,사회
606,사회
607,경제
608,기술
609,기술
610,기술
611,혁신
612,기술
613,기술
614,기술
615,기술
616,역사
617,행복
618,경제
619,교육
620,경제
621,기술
622,교육
623,행복
624,철학
625,환경
626,행복
627,철학
628,지식
629,경제
630,기술
631,교육
632,설계
633,사회
634,꿈
635,기술
636,성공
637,종교
638,역사
639,교육
640,교육
641,지식
642,역사
643,역사
644,꿈
645,경제
646,철학
647,문학
648,과학
649,교육
650,경제
651,경제
652,도전
653,기술
654,기술
655,기술
656,성공
657,영웅
658,과학
659,윤리
660,환경
661,사회
662,교육
663,과학
664,혁신
665,건강
666,혁신
667,역사
668,기술
669,역사
670,건강
671,기술
672,환경
673,혁신
674,지식
675,역사
676,철학
677,행복
678,교육
679,역사
680,희망
681,역사
682,윤리
683,윤리
684,기술
685,행복
686,과학
687,지식
688,행복
689,윤리
690,건강
691,환경
692,교육
693,사회
694,철학
695,사회
696,문학
697,경제
698,기술
699,건강
700,철학
701,지식
702,환경
703,기술
704,환경
705,윤리
706,경제
707,역사
708,역사
709,경제
710,철학
711,철학
712,지식
713,설계
714,기술
715,환경
716,기술
717,기술
718,경제
719,교육
720,경제
721,교육
722,경제
723,문학
724,과학
725,철학
726,건강
727,환경
728,혁신
729,철학
730,환경
731,역사
732,철학
733,기술
734,행복
735,희생
736,역사
737,사회
738,교육
739,윤리
740,실패
741,문학
742,성공
743,운명
744,윤리
745,철학
746,기술
747,기술
748,경제
749,설계
750,혁신
751,교육
752,기술
753,기술
754,혁신
755,교육
756,환경
757,환경
758,지식
759,여행
760,혁신
761,기술
762,과학
763,환경
764,윤리
765,혁신
766,교육
767,지식
768,사회
769,철학
770,환경
771,역사
772,휴식
773,기술
774,기술
775,기술
776,기술
777,사회
778,윤리
779,역사
780,여행
781,윤리
782,기술
783,경제
784,윤리
785,환경
786,기술
787,교육
788,역사
789,교육
790,교육
791,설계
792,경제
793,역사
794,행복
795,혁신
796,교육
797,사회
798,경제
799,경제
800,환경
801,사회
802,행복
803,예술
804,사회
805,철학
806,지식
807,경제
808,행복
809,교육
810,환경
811,희생
812,희망
813,철학
814,사회
815,환경
816,경제
817,여행
818,역사
819,역사
820,성공
821,사회
822,환경
823,경제
824,철학
825,혁신
826,문학
827,희망
828,꿈
829,경제
830,교육
831,사회
832,경제
833,환경
834,철학
835,경제
836,예술
837,건강
838,행복
839,문학
840,행복
841,역사
842,혁신
843,교육
844,신뢰
845,환경
846,역사
847,행복
848,역사
849,역사
850,교육
851,기술
852,경제
853,동물
854,교육
855,철학
856,혁신
857,경제
858,건강
859,예술
860,꿈
861,환경
862,환경
863,경제
864,교육
865,경제
866,경제
867,경제
868,역사
869,환경
870,휴식
871,행복
872,교육
873,설계
874,환경
875,환경
876,철학
877,교육
878,교육
879,사회
880,사회
881,윤리
882,사회
883,윤리
884,경제
885,기술
886,역사
887,기술
888,윤리
889,환경
890,환경
891,행복
892,실패
893,과학
894,설계
895,행복
896,설계
897,경제
898,환경
899,교육
900,경제
901,철학
902,기술
903,성공
904,철학
905,윤리
906,꿈
907,교육
908,역사
909,환경
910,교육
911,문학
912,사회
913,성공
914,철학
915,꿈
916,철학
917,기술
918,경제
919,기술
920,기술
921,환경
922,역사
923,경제
924,역사
925,성공
927,윤리
928,기술
929,예술
930,교육
931,기술
932,설계
933,교육
934,환경
935,경제
936,윤리
937,사회
938,기술
939,경제
940,환경
941,경제
942,환경
943,전쟁
944,윤리
945,문학
946,경제
947,사회
948,철학
949,철학
950,기술
951,철학
952,문학
953,역사
954,기술
955,교육
956,도전
957,지식
958,역사
959,꿈
960,기술
961,혁신
962,철학
963,기술
964,환경
965,경제
966,교육
967,윤리
968,역사
969,역사
970,행복
971,교육
972,환경
973,기술
974,예술
975,환경
976,지식
977,환경
978,교육
979,지식
980,윤리
981,과학
982,혁신
983,윤리
984,교육
985,경제
986,사회
987,윤리
988,경제
989,윤리
990,사회
991,경제
992,역사
993,철학
994,교육
995,환경
996,환경
997,환경
998,역사
999,지식
1000,교육
1001,운동
1002,설계
1003,여행
1004,철학
1005,환경
1006,기술
1007,경제
1008,행복
1009,교육
1010,역사
1011,지식
1012,기술
1013,역사
1014,행복
1015,결혼
1016,성공
1017,경제
1018,운동
1019,환경
1020,사회
1021,운동
1022,지식
1023,경제
1024,건축
1025,경제
1026,사회
1027,철학
1028,도전
1029,경제
1030,교육
1031,경제
1032,여행
1033,동물
1034,경제
1035,철학
1036,과학
1037,경제
1038,희망
1039,교육
1040,교육
1041,역사
1042,경제
1043,윤리
1044,기술
1045,건강
1046,기술
1047,건강
1048,예술
1049,기술
1050,희망
1051,교육
1052,건축
1053,역사
1054,명상
1055,철학
1056,경제
1057,희망
1058,희망
1059,교육
1060,윤리
1061,윤리
1062,윤리
1063,사회
1064,철학
1065,기술
1066,성공
1067,환경
1068,경제
1069,철학
1070,경제
1071,과학
1072,과학
1073,기술
1074,역사
1075,역사
1076,기술
1077,환경
1078,역사
1079,역사
1080,경제
1081,기술
1082,건강
1083,지식
1084,교육
1085,도시
1086,경제
1087,교육
1088,예술
1089,기술
1090,설계
1091,기술
1092,역사
1093,역사
1094,윤리
1095,실패
1096,철학
1097,사회
1098,철학
1099,역사
1100,기술
1101,행복
1102,환경
1103,기술
1104,지식
1105,기술
1106,과학
1107,전쟁
1108,성공
1109,학문
1110,기술
1111,교육
1112,역사
1113,환경
1114,경제
1115,희망
1116,영웅
1117,경제
1118,희생
1119,휴식
1120,사회
1121,기술
1122,기술
1123,전쟁
1124,철학
1125,기술
1126,과학
1127,사회
1128,사회
1129,철학
1130,기술
1131,설계
1132,행복
1133,교육
1134,건강
1135,교육
1136,예술
1137,기술
1138,역사
1139,과학
1140,혁신
1141,기술
1142,문학
1143,기술
1144,기술
1145,교육
1146,평화
1147,교육
1148,경제
1149,윤리
1150,지식
1151,행복
1152,교육
1153,경제
1154,사회
1155,역사
1156,기술
1157,희망
1158,재생
1159,철학
1160,건강
1161,지식
1162,행복
1163,역사
1164,경제
1165,환경
1166,철학
1167,경제
1168,역사
1169,꿈
1170,꿈
1171,사회
1172,도시
1173,성공
1174,행복
1175,경제
1176,혁신
1177,꿈
1178,지식
1179,도시
1180,기술
1182,전쟁
1183,운명
1184,기술
1185,교육
1186,환경
1187,기술
1188,경제
1189,역사
1190,실패
1191,사회
1192,지식
1193,철학
1194,철학
1195,지식
1196,역사
1197,윤리
1198,윤리
1199,기술
1200,과학
1201,지식
1202,사회
1203,사회
1204,예술
1205,지식
1206,환경
1207,운명
1208,도전
1209,디자인
1210,사회
1211,여행
1212,지식
1213,기술
1214,전쟁
1215,성공
1216,교육
1217,철학
1218,역사
1219,역사
1220,철학
1221,사회
1222,과학
1223,지식
1224,기술
1225,환경
1226,역사
1227,교육
1228,행복
1229,사회
1230,역사
1231,기술
1232,경제
1233,기술
1234,교육
1235,철학
1236,혁신
1237,문학
1238,역사
1239,교육
1240,환경
1241,평화
1242,지식
1243,환경
1244,과학
1245,문학
1246,지식
1247,꿈
1248,역사
1249,문학
1250,성공
1251,성공
1252,행복
1253,환경
1254,역사
1255,환경
1256,도시
1257,역사
1258,기술
1259,윤리
1260,사회
1261,철학
1262,환경
1263,사회
1264,설계
1265,경제
1266,성공
1267,철학
1268,행복
1269,혁신
1270,건강
1271,과학
1272,경제
1273,사회
1274,교육
1275,기술
1276,경제
1277,기술
1278,기술
1279,철학
1280,교육
1281,행복
1282,실패
1283,기술
1284,기술
1285,철학
1286,기술
1287,지식
1288,사회
1289,혁신
1290,역사
1291,기술
1292,환경
1293,교육
1294,건축
1295,과학
1296,철학
1297,꿈
1298,교육
1299,환경
1300,꿈
1301,기술
1302,기술
1303,기술
1304,행복
1305,디자인
1306,결혼
1307,사회
1308,교육
1309,꿈
1310,설계
1311,기술
1312,행복
1313,결혼
1314,건강
1315,예술
1316,철학
1317,성공
1318,윤리
1319,교육
1320,전쟁
1321,환경
1322,사회
1323,혁신
1324,역사
1325,기술
1326,환경
1327,혁신
1328,경제
1329,역사
1330,철학
1331,교육
1332,교육
1333,예술
1334,사회
1335,사회
1336,경제
1337,교육
1338,건강
1339,환경
1340,윤리
1341,환경
1342,역사
1343,역사
1344,과학
1345,혁신
1346,사회
1347,기술
1348,기술
1349,예술
1350,행복
1351,혁신
1352,건강
1353,역사
1354,운명
1355,역사
1356,철학
1357,동물
1358,기술
1359,윤리
1360,종교
1361,기술
1362,여행
1363,예술
1364,철학
1365,지식
1366,환경
1367,경제
1368,경제
1369,환경
1370,지식
1371,과학
1372,철학
1373,사회
1374,건강
1375,설계
1376,교육
1377,환경
1378,사회
1379,과학
1380,친구
1381,환경
1382,기술
1383,기술
1384,기술
1385,기술
1386,환경
1387,과학
1388,역사
1389,도전
1390,건축
1391,기술
1392,환경
1393,기술
1394,환경
1395,사회
1396,윤리
1397,교육
1398,사회
1399,건강
1400,기술
1401,기술
1402,교육
1403,여행
1404,윤리
1405,성공
1406,기술
1407,혁신
1408,기술
1409,사회
1410,역사
1411,혁신
1412,사회
1413,역사
1414,기술
1415,역사
1416,기술
1417,혁신
1418,도시
1419,혁신
1420,교육
1421,문학
1422,사회
1423,기술
1424,사회
1425,운동
1426,경제
1427,설계
1428,사회
1429,경제
1430,문학
1431,설계
1432,지식
1433,역사
1434,환경
1435,경제
1436,윤리
1437,설계
1438,지식
1439,꿈
1440,행복
1441,경제
1442,혁신
1443,환경
1444,경제
1445,경제
1446,경제
1447,경제
1448,경제
1449,교육
1450,사회
1451,윤리
1452,행복
1453,환경
1454,기술
1455,환경
1456,교육
1457,경제
1458,디자인
1459,기술
1460,교육
1461,철학
1462,희망
1463,경제
1464,환경
1465,사회
1466,행복
1467,기술
1468,사회
1469,문학
1470,철학
1471,환경
1472,교육
1473,사회
1474,혁신
1475,도전
1476,기술
1477,행복
1478,혁신
1479,사회
1480,윤리
1481,사회
1482,사회
1483,철학
1484,기술
1485,행복
1486,교육
1487,기술
1488,꿈
1489,경제
1490,지식
1491,사회
1492,과학
1493,사회
1494,종교
1495,환경
1496,환경
1497,문학
1498,기술
1499,종교
1500,철학
1501,성공
1502,환경
1503,지식
1504,행복
1505,꿈
1506,행복
1507,기술
1508,환경
1509,교육
1510,경제
1511,문학
1512,디자인
1513,철학
1514,윤리
1515,기술
1516,윤리
1517,철학
1518,철학
1519,꿈
1520,교육
1521,문학
1522,과학
1523,역사
1524,역사
1525,윤리
1526,혁신
1527,환경
1528,환경
1529,과학
1530,혁신
1531,역사
1532,기술
1533,환경
1534,윤리
1535,교육
1536,교육
1537,성공
1538,철학
1539,예술
1540,철학
1541,여행
1542,역사
1543,평화
1544,평화
1545,문학
1546,기술
1547,사회
1548,문학
1549,희망
1550,환경
1551,철학
1552,성공
1553,기술
1554,환경
1555,윤리
1556,건강
1557,환경
1558,윤리
1559,설계
1560,건강
1561,경제
1562,지식
1563,건강
1564,여행
1565,역사
1566,기술
1567,환경
1568,평화
1569,행복
1570,환경
1571,설계
1572,경제
1573,행복
1574,철학
1575,예술
1576,교육
1577,결혼
1578,교육
1579,역사
1580,경제
1581,교육
1582,기술
1583,기술
1584,설계
1585,도전
1586,교육
1587,지식
1588,기술
1589,성공
1590,지식
1591,기술
1592,행복
1593,여행
1594,설계
1595,윤리
1596,기술
1597,성공
1598,교육
1599,경제
1600,창의성
1601,역사
1602,윤리
1603,희망
1604,경제
1605,환경
1606,교육
1607,행복
1608,철학
1609,사회
1610,윤리
1611,행복
1612,환경
1613,혁신
1614,철학
1615,건축
1616,지식
1617,역사
1618,지식
1619,역사
1620,예술
1621,역사
1622,교육
1623,혁신
1624,철학
1625,지식
1626,기술
1627,환경
1628,혁신
1629,과학
1630,혁신
1631,여행
1632,환경
1633,환경
1634,지식
1635,설계
1636,종교
1637,환경
1638,철학
1639,윤리
1640,교육
1641,환경
1642,기술
1643,문학
1644,꿈
1645,건강
1646,기술
1647,문학
1648,교육
1649,교육
1650,지식
1651,경제
1652,혁신
1653,혁신
1654,실패
1655,철학
1656,성공
1657,윤리
1658,기술
1659,경제
1660,기술
1661,성공
1662,경제
1663,교육
1664,혁신
1665,경제
1666,역사
1667,문학
1668,역사
1669,교육
1670,경제
1671,사회
1672,성공
1673,여행
1674,기술
1675,여행
1676,휴식
1677,행복
1678,교육
1679,설계
1680,문학
1681,역사
1682,교육
1683,기술
1684,환경
1685,경제
1686,기술
1687,건강
1688,교육
1689,설계
1690,철학
1691,혁신
1692,문학
1693,철학
1694,사회
1695,역사
1696,교육
1697,역사
1698,기술
1699,문학
1700,전쟁
1701,성공
1702,설계
1703,경제
1704,기술
1705,윤리
1706,지식
1707,교육
1708,성공
1709,기술
1710,사회
1711,기술
1712,역사
1713,꿈
1714,기술
1715,교육
1716,경제
1717,결혼
1718,꿈
1719,성공
1720,교육
1721,행복
1722,전쟁
1723,꿈
1724,과학
1725,꿈
1726,희망
1727,혁신
1728,성공
1729,혁신
1730,건강
1731,동물
1732,예술
1733,기술
1734,행복
1735,여행
1736,역사
1737,행복
1738,행복
1739,기술
1740,윤리
1741,경제
1742,도전
1743,역사
1744,역사
1745,기술
1746,경제
1747,예술
1748,문학
1749,교육
1750,꿈
1751,역사
1752,과학
1753,예술
1754,디자인
1755,설계
1756,기술
1757,사회
1758,혁신
1759,과학
1760,실패
1761,윤리
1762,사회
1763,실패
1764,역사
1765,사회
1766,지식
1767,경제
1768,지식
1769,지식
1770,전쟁
1771,성공
1772,행복
1773,기술
1774,기술
1775,기술
1776,환경
1777,지식
1778,환경
1779,꿈
1780,예술
1781,교육
1782,사회
1783,문학
1784,성공
1785,역사
1786,사회
1787,디자인
1788,교육
1789,사회
1790,환경
1791,꿈
1792,사회
1793,역사
1794,도시
1795,꿈
1796,환경
1797,행복
1798,건강
1799,역사
1800,경제
1801,경제
1802,환경
1803,경제
1804,경제
1805,문학
1806,교육
1807,학문
1808,혁신
1809,성공
1810,사회
1811,역사
1812,교육
1813,윤리
1814,경제
1815,경제
1816,혁신
1817,경제
1818,윤리
1819,경제
1820,사회
1821,행복
1822,행복
1823,평화
1824,건축
1825,경제
1826,경제
1827,행복
1828,사회
1829,사회
1830,교육
1831,기술
1832,역사
1833,환경
1834,교육
1835,희망
1836,역사
1837,혁신
1838,교육
1839,교육
1840,기술
1841,기술
1842,철학
1843,행복
1844,교육
1845,경제
1846,기술
1847,건강
1848,교육
1849,문학
1850,철학
1851,환경
1852,경제
1853,윤리
1854,윤리
1855,기술
1856,지식
1857,혁신
1858,경제
1859,행복
1860,경제
1861,경제
1862,교육
1863,철학
1864,환경
1865,환경
1866,환경
1867,혁신
1868,과학
1869,설계
1870,윤리
1871,환경
1872,교육
1873,사회
1874,성공
1875,환경
1876,환경
1877,경제
1878,성공
1879,환경
1880,도전
1881,도전
1882,혁신
1883,기술
1884,교육
1885,사회
1886,철학
1887,문학
1888,건강
1889,기술
1890,경제
1891,역사
1892,기술
1893,윤리
1894,동물
1895,기술
1896,기술
1897,역사
1898,교육
1899,희망
1900,경제
1901,사회
1902,기술
1903,혁신
1904,교육
1905,꿈
1906,환경
1907,윤리
1908,윤리
1909,혁신
1910,교육
1911,기술
1912,전쟁
1913,희망
1914,행복
1915,문학
1916,윤리
1917,경제
1918,교육
1919,설계
1920,역사
1921,철학
1922,사회
1923,역사
1924,사회
1925,혁신
1926,철학
1927,사회
1928,디자인
1929,교육
1930,철학
1931,지식
1932,교육
1933,교육
1934,경제
1935,경제
1936,행복
1937,기술
1938,성공
1939,윤리
1940,꿈
1941,역사
1942,전쟁
1943,예술
1944,기술
1945,기술
1946,기술
1948,기술
1949,사회
1950,경제
1951,환경
1952,기술
1953,과학
1954,과학
1955,철학
1956,설계
1957,꿈
1958,윤리
1959,교육
1960,사회
1961,희망
1962,역사
1963,지식
1964,기술
1965,사회
1966,윤리
1967,철학
1968,윤리
1969,기술
1970,역사
1971,과학
1972,설계
1973,역사
1974,지식
1975,역사
1976,윤리
1977,종교
1978,꿈
1979,경제
1980,기술
1981,사회
1982,성공
1983,지식
1984,경제
1985,도전
1986,역사
1987,윤리
1988,꿈
1989,꿈
1990,역사
1991,기술
1992,사회
1993,건축
1994,전쟁
1995,윤리
1996,혁신
1997,철학
1998,경제
1999,지식
2000,기술
2001,교육
2002,기술
2003,성공
2004,혁신
2005,윤리
2006,경제
2007,과학
2008,교육
2009,철학
2010,혁신
2011,행복
2012,윤리
2013,기술
2014,도전
2015,행복
2016,혁신
2017,역사
2018,윤리
2019,철학
2020,교육
2021,지식
2022,기술
2023,사회
2024,문학
2025,기술
2026,혁신
2027,교육
2028,경제
2029,환경
2030,희망
2031,건강
2032,건강
2033,건강
2034,운명
2035,행복
2036,철학
2037,문학
2038,평화
2039,기술
2040,교육
2041,경제
2042,역사
2043,역사
2044,윤리
2045,설계
2046,역사
2047,경제
2048,역사
2049,실패
2050,역사
2051,기술
2052,기술
2053,윤리
2054,기술
2055,행복
2056,환경
2057,설계
2058,기술
2059,경제
2060,교육
2061,디자인
2062,문학
2063,성공
2064,역사
2065,행복
2066,철학
2067,행복
2068,환경
2069,역사
2070,행복
2071,교육
2072,사회
2073,문학
2074,문학
2075,건축
2076,사회
2077,혁신
2078,환경
2079,환경
2080,교육
2081,문학
2082,혁신
2083,경제
2084,교육
2085,문학
2086,철학
2087,경제
2088,문학
2089,사회
2090,교육
2091,교육
2092,기술
2093,희망
2094,사회
2095,기술
2096,환경
2097,교육
2098,지식
2099,기술
2100,교육
2101,꿈
2102,문학
2103,교육
2104,역사
2105,경제
2106,사회
2107,사회
2108,혁신
2109,환경
2110,교육
2111,철학
2112,기술
2113,경제
2114,기술
2115,기술
2116,기술
2117,경제
2118,윤리
2119,환경
2120,지식
2121,기술
2122,환경
2123,사회
2124,철학
2125,성공
2126,기술
2127,행복
2128,기술
2129,역사
2130,설계
2131,사회
2132,역사
2133,기술
2134,행복
2135,과학
2136,지식
2137,기술
2138,성공
2139,경제
2140,혁신
2141,지식
2142,교육
2143,사회
2144,건강
2145,건강
2146,교육
2147,기술
2148,환경
2149,철학
2150,기술
2151,환경
2152,문학
2153,교육
2154,종교
2155,과학
2156,교육
2157,문학
2158,경제
2159,사회
2160,혁신
2161,꿈
2162,문학
2163,철학
2164,희망
2165,과학
2166,지식
2167,교육
2168,윤리
2169,예술
2170,지식
2171,역사
2172,예술
2173,교육
2174,혁신
2175,사회
2176,윤리
2177,행복
2178,성공
2179,행복
2180,윤리
2181,경제
2182,기술
2183,행복
2184,혁신
2185,예술
2186,설계
2187,윤리
2188,지식
2189,역사
2190,환경
2191,기술
2192,역사
2193,교육
2194,역사
2195,기술
2196,환경
2197,경제
2198,경제
2199,기술
2200,교육
2201,교육
2202,행복
2203,환경
2204,경제
2205,경제
2206,윤리
2207,기술
2208,혁신
2209,성공
2210,윤리
2211,성공
2212,경제
2213,희망
2214,성공
2215,교육
2216,철학
2217,도전
2218,사회
2219,철학
2220,혁신
2221,경제
2222,사회
2223,윤리
2224,혁신
2225,기술
2226,도전
2227,교육
2228,환경
2229,교육
2230,지식
2231,희망
2232,지식
2233,환경
2234,교육
2235,지식
2236,경제
2237,기술
2238,사회
2239,혁신
2240,철학
2241,사회
2242,기술
2243,기술
2244,행복
2245,기술
2246,기술
2247,혁신
2248,디자인
2249,여행
2250,교육
2251,역사
2252,희망
2253,교육
2254,평화
2255,행복
2256,경제
2257,역사
2258,기술
2259,혁신
2260,혁신
2261,환경
2262,전쟁
2263,교육
2264,기술
2265,기술
2266,여행
2267,기술
2268,환경
2269,성공
2270,환경
2271,교육
2272,사회
2273,경제
2274,성공
2276,경제
2277,환경
2278,경제
2279,기술
2280,역사
2281,운동
2282,환경
2283,역사
2284,교육
2285,기술
2286,신뢰
2287,예술
2288,교육
2289,명상
2290,과학
2291,역사
2292,사회
2293,설계
2294,희망
2295,문학
2296,경제
2297,역사
2298,역사
2299,사회
2300,경제
2301,교육
2302,교육
2303,경제
2304,역사
2305,역사
2306,사회
2307,사회
2308,행복
2309,도전
2310,교육
2311,혁신
2312,과학
2314,기술
2315,기술
2316,윤리
2317,경제
2318,교육
2319,윤리
2320,사회
2321,설계
2322,교육
2323,교육
2324,혁신
2325,운명
2326,교육
2327,환경
2329,사회
2330,철학
2331,철학
2332,경제
2333,환경
2334,경제
2335,교육
2336,교육
2337,경제
2338,꿈
2339,환경
2340,역사
2341,사회
2342,전쟁
2343,여행
2344,교육
2345,철학
2346,교육
2347,경제
2348,도전
2349,역사
2350,경제
2351,예술
2352,윤리
2353,윤리
2354,지식
2355,경제
2356,기술
2357,경제
2358,문학
2359,운동
2360,행복
2361,환경
2362,교육
2363,신뢰
2364,경제
2365,문학
2366,신뢰
2367,기술
2368,문학
2369,과학
2370,기술
2371,기술
2372,과학
2373,기술
2374,종교
2375,경제
2376,건강
2377,교육
2378,교육
2379,윤리
2380,지식
2381,문학
2382,교육
2383,건축
2384,여행
2385,교육
2386,행복
2387,혁신
2388,교육
2389,기술
2390,사회
2391,운명
2392,교육
2393,철학
2394,기술
2395,교육
2396,문학
2397,성공
2398,기술
2399,실패
2400,도시
2401,역사
2402,설계
2403,역사
2404,역사
2405,기술
2406,교육
2407,운명
2408,역사
2409,경제
2410,윤리
2411,경제
2412,교육
2413,경제
2414,성공
2415,경제
2416,철학
2417,경제
2418,철학
2419,희망
2420,기술
2421,혁신
2422,철학
2423,경제
2424,철학
2425,지식
2426,철학
2427,성공
2428,과학
2429,혁신
2430,환경
2431,행복
2432,도전
2433,기술
2434,기술
2435,교육
2436,사회
2437,사회
2438,기술
2439,기술
2440,혁신
2441,사회
2442,환경
2443,문학
2444,윤리
2445,혁신
2446,건강
2447,희망
2448,교육
2449,예술
2450,건강
2451,교육
2452,윤리
2453,지식
2454,문학
2455,건강
2456,환경
2457,실패
2458,도시
2459,문학
2460,교육
2461,설계
2462,설계
2463,사회
2464,경제
2465,기술
2466,교육
2467,기술
2468,경제
2469,성공
2470,과학
2471,환경
2472,실패
2473,역사
2474,혁신
2475,문학
2476,희망
2477,혁신
2478,역사
2479,역사
2480,지식
2481,행복
2482,설계
2483,설계
2484,경제
2485,경제
2486,기술
2487,건강
2488,역사
2489,역사
2490,환경
2491,철학
2492,환경
2493,기술
2494,문학
2495,경제
2496,역사
2497,지식
2498,경제
2499,여행
2500,지식
2501,성공
2502,환경
2503,환경
2504,교육
2505,역사
2506,교육
2507,철학
2508,사회
2509,전쟁
2510,경제
2511,지식
2512,윤리
2513,사회
2514,교육
2515,행복
2516,성공
2517,역사
2518,기술
2519,성공
2520,과학
2521,도전
2522,혁신
2523,환경
2524,창의성
2525,교육
2526,사회
2527,경제
2528,환경
2529,환경
2530,철학
2531,역사
2532,운명
2533,환경
2534,혁신
2535,철학
2536,동물
2537,행복
2538,철학
2539,문학
2540,성공
2541,기술
2542,철학
2543,역사
2544,환경
2545,교육
2546,지식
2547,경제
2548,철학
2549,환경
2550,교육
2551,행복
2552,예술
2553,행복
2554,교육
2555,과학
2556,교육
2557,행복
2558,행복
2559,교육
2560,명상
2561,철학
2562,사회
2563,환경
2564,행복
2565,기술
2566,행복
2567,사회
2568,디자인
2569,윤리
2570,기술
2571,경제
2572,예술
2573,혁신
2574,성공
2575,경제
2576,지식
2577,설계
2578,교육
2579,혁신
2580,역사
2581,철학
2582,환경
2583,혁신
2584,사회
2585,경제
2586,지식
2587,교육
2588,환경
2589,기술
2590,기술
2591,경제
2592,사회
2593,문학
2594,사회
2595,혁신
2596,환경
2597,교육
2598,환경
2599,문학
2600,행복
2601,철학
2602,전쟁
2603,성공
2604,혁신
2605,평화
2606,신뢰
2607,기술
2608,기술
2609,철학
2610,꿈
2611,역사
2612,기술
2613,경제
2614,기술
2615,윤리
2616,희망
2617,예술
2618,문학
2619,성공
2620,경제
2621,경제
2622,기술
2623,성공
2624,설계
2625,사회
2626,철학
2627,교육
2628,윤리
2629,기술
2630,설계
2631,윤리
2632,환경
2633,사회
2634,문학
2635,기술
2636,명상
2637,철학
2638,역사
2639,경제
2640,혁신
2641,과학
2642,과학
2643,혁신
2644,기술
2645,경제
2646,윤리
2647,사회
2648,사회
2649,기술
2650,환경
2651,사회
2652,교육
2653,운명
2654,환경
2655,경제
2656,도전
2657,사회
2658,꿈
2659,종교
2660,문학
2661,교육
2662,기술
2663,건강
2664,사회
2665,경제
2666,교육
2667,사회
2668,환경
2669,행복
2670,설계
2671,경제
2672,지식
2673,환경
2674,문학
2675,환경
2676,환경
2677,지식
2678,윤리
2679,경제
2680,혁신
2681,사회
2682,문학
2683,지식
2684,혁신
2685,기술
2686,철학
2687,철학
2688,사회
2689,성공
2690,교육
2691,철학
2692,교육
2693,도전
2694,환경
2695,교육
2696,환경
2697,문학
2698,기술
2699,사회
2700,윤리
2701,혁신
2702,행복
2703,행복
2704,혁신
2705,경제
2706,경제
2707,역사
2708,철학
2709,성공
2710,기술
2711,혁신
2712,행복
2713,사회
2714,교육
2715,지식
2716,경제
2717,철학
2718,교육
2719,설계
2720,기술
2721,기술
2722,지식
2723,환경
2724,친구
2725,환경
2726,환경
2727,혁신
2728,철학
2729,환경
2730,경제
2731,환경
2732,지식
2733,혁신
2734,교육
2735,실패
2736,환경
2737,휴식
2738,예술
2739,경제
2740,지식
2741,평화
2742,환경
2743,역사
2744,철학
2745,지식
2746,교육
2747,설계
2748,희망
2749,건강
2750,설계
2751,성공
2752,윤리
2753,경제
2754,경제
2755,역사
2756,행복
2757,행복
2758,성공
2759,철학
2760,환경
2761,지식
2762,역사
2763,건강
2764,철학
2765,환경
2766,윤리
2767,행복
2768,희망
2769,경제
2770,기술
2771,행복
2772,윤리
2773,교육
2774,운동
2775,환경
2776,환경
2777,경제
2778,기술
2779,환경
2780,철학
2781,건강
2782,환경
2783,환경
2784,사회
2785,설계
2786,기술
2787,기술
2788,윤리
2789,결혼
2790,윤리
2791,교육
2792,환경
2793,성공
2794,교육
2795,교육
2796,건축
2797,꿈
2798,경제
2799,지식
2800,환경
2801,지식
2802,교육
2803,문학
2804,경제
2805,문학
2806,교육
2807,역사
2808,역사
2809,경제
2810,역사
2811,기술
2812,기술
2813,역사
2814,환경
2815,사회
2816,문학
2817,학문
2818,행복
2819,윤리
2820,기술
2821,경제
2822,전쟁
2823,과학
2824,문학
2825,기술
2826,철학
2827,사회
2828,지식
2829,철학
2830,혁신
2831,혁신
2832,교육
2833,예술
2834,역사
2835,문학
2836,혁신
2837,건축
2838,환경
2839,경제
2840,혁신
2841,건강
2842,환경
2843,철학
2844,경제
2845,성공
2846,문학
2847,역사
2848,문학
2849,과학
2850,윤리
2851,행복
2852,지식
2853,혁신
2854,전쟁
2855,교육
2856,사회
2857,교육
2858,사회
2859,혁신
2860,사회
2861,사회
2862,기술
2863,역사
2864,교육
2865,과학
2866,꿈
2867,기술
2868,지식
2869,지식
2870,교육
2871,사회
2872,문학
2874,행복
2875,희망
2876,환경
2877,역사
2878,지식
2879,사회
2880,윤리
2881,윤리
2882,기술
2883,교육
2884,철학
2885,기술
2886,윤리
2887,환경
2888,사회
2889,과학
2890,환경
2891,사회
2892,경제
2893,사회
2894,예술
2895,사회
2896,혁신
2897,역사
2898,지식
2899,디자인
2900,환경
2901,기술
2902,지식
2903,성공
2904,운명
2905,희망
2906,교육
2907,환경
2908,기술
2909,역사
2910,행복
2911,기술
2913,역사
2914,기술
2915,환경
2916,혁신
2917,희망
2918,희망
2919,성공
2920,사회
2921,행복
2922,기술
2923,문학
2924,예술
2925,행복
2926,행복
2927,교육
2928,예술
2929,경제
2930,성공
2931,사회
2932,교육
2933,윤리
2934,행복
2935,철학
2936,역사
2937,윤리
2938,꿈
2939,역사
2940,환경
2941,기술
2942,신뢰
2943,사회
2944,교육
2945,철학
2946,환경
2947,역사
2948,희망
2949,환경
2950,전쟁
2951,기술
2952,역사
2953,꿈
2954,과학
2955,기술
2956,설계
2957,교육
2958,기술
2959,경제
2960,교육
2961,기술
2962,윤리
2963,환경
2964,사회
2965,경제
2966,지식
2967,환경
2968,사회
2969,환경
2970,혁신
2971,경제
2972,희망
2973,혁신
2974,기술
2975,예술
2976,환경
2977,결혼
2978,건강
2979,설계
2980,평화
2981,예술
2982,역사
2983,역사
2984,기술
2985,사회
2986,기술
2987,윤리
2988,문학
2989,교육
2990,경제
2991,교육
2992,기술
2993,교육
2994,윤리
2995,경제
2996,여행
2997,기술
2998,건강
2999,신뢰
3000,환경
3001,경제
3002,여행
3003,역사
3004,철학
3005,성공
3006,환경
3007,환경
3008,사회
3009,혁신
3010,경제
3011,설계
3012,교육
3013,사회
3014,기술
3015,기술
3016,경제
3017,사회
3018,환경
3019,설계
3020,설계
3021,사회
3022,경제
3023,기술
3024,기술
3025,설계
3026,기술
3027,설계
3028,교육
3029,환경
3030,사회
3031,교육
3032,혁신
3033,역사
3034,교육
3035,도전
3036,기술
3037,기술
3038,지식
3039,윤리
3040,행복
3041,기술
3042,윤리
3043,여행
3044,교육
3045,기술
3046,과학
3047,건강
3048,디자인
3049,문학
3050,경제
3051,지식
3052,건강
3053,기술
3054,사회
3055,성공
3056,기술
3057,희망
3058,기술
3059,혁신
3060,교육
3061,과학
3062,기술
3063,성공
3064,설계
3065,기술
3066,환경
3067,건강
3068,환경
3069,기술
3070,평화
3071,도시
3072,지식
3073,철학
3074,희망
3075,교육
3076,혁신
3077,기술
3078,교육
3079,여행
3080,환경
3081,기술
3082,지식
3083,기술
3084,경제
3085,건강
3086,과학
3087,철학
3088,희망
3089,철학
3090,역사
3091,기술
3092,행복
3093,기술
3094,경제
3095,철학
3096,역사
3097,지식
3098,지식
3099,신뢰
3100,사회
3101,과학
3102,역사
3103,윤리
3104,환경
3105,기술
3106,윤리
3107,도시
3108,환경
3109,환경
3110,역사
3111,교육
3112,건강
3113,성공
3114,과학
3115,기술
3116,경제
3117,디자인
3118,예술
3119,디자인
3120,성공
3121,윤리
3122,꿈
3123,혁신
3124,기술
3125,여행
3126,기술
3127,행복
3128,윤리
3129,예술
3130,사회
3131,여행
3132,기술
3133,여행
3134,설계
3135,경제
3136,혁신
3137,예술
3138,교육
3139,윤리
3140,예술
3141,경제
3142,경제
3143,윤리
3144,행복
3145,실패
3146,행복
3147,예술
3148,전쟁
3149,사회
3150,사회
3151,교육
3152,성공
3153,환경
3154,역사
3155,환경
3156,역사
3157,교육
3158,철학
3159,경제
3160,행복
3161,철학
3162,경제
3163,과학
3164,사회
3165,도전
3166,기술
3167,건강
3168,기술
3169,사회
3170,혁신
3171,창의성
3172,지식
3173,역사
3174,문학
3175,행복
3176,환경
3177,경제
3178,행복
3179,꿈
3180,기술
3181,도전
3182,역사
3183,행복
3184,경제
3185,설계
3186,경제
3187,지식
3188,역사
3189,동물
3190,윤리
3191,교육
3192,윤리
3193,행복
3194,교육
3195,윤리
3196,환경
3197,역사
3198,여행
3199,역사
3200,사회
3201,꿈
3202,행복
3203,환경
3204,꿈
3205,과학
3206,동물
3207,명상
3208,역사
3209,과학
3210,성공
3211,교육
3212,디자인
3213,예술
3214,철학
3215,윤리
3216,교육
3217,철학
3218,철학
3219,역사
3220,환경
3221,환경
3222,건강
3223,행복
3224,철학
3225,행복
3226,교육
3227,교육
3228,경제
3229,성공
3230,성공
3231,사회
3232,성공
3233,환경
3234,윤리
3235,철학
3236,행복
3237,환경
3238,기술
3239,경제
3240,기술
3241,희망
3242,교육
3243,경제
3244,행복
3245,예술
3246,교육
3247,꿈
3248,성공
3249,환경
3250,철학
3251,철학
3252,교육
3253,교육
3254,교육
3255,철학
3256,기술
3257,윤리
3258,교육
3259,경제
3260,경제
3261,실패
3262,철학
3263,철학
3264,성공
3265,역사
3266,철학
3267,실패
3268,교육
3269,기술
3270,기술
3271,윤리
3272,교육
3273,종교
3274,기술
3275,꿈
3276,역사
3277,기술
3278,경제
3279,교육
3280,혁신
3281,환경
3282,윤리
3283,기술
3284,운동
3285,윤리
3286,희망
3287,운동
3288,기술
3289,역사
3290,혁신
3291,환경
3292,기술
3293,철학
3294,교육
3295,지식
3296,경제
3297,여행
3298,역사
3299,교육
3300,철학
3301,여행
3302,사회
3303,건강
3304,환경
3305,과학
3306,철학
3307,역사
3308,교육
3309,환경
3310,성공
3311,여행
3312,행복
3313,철학
3314,경제
3315,교육
3316,경제
3317,건강
3318,혁신
3319,윤리
3320,행복
3321,희망
3322,혁신
3323,사회
3324,혁신
3325,철학
3326,윤리
3327,환경
3328,여행
3329,교육
3330,행복
3331,기술
3332,환경
3333,철학
3334,기술
3335,환경
3336,혁신
3337,기술
3338,기술
3339,혁신
3340,교육
3341,역사
3342,휴식
3343,기술
3344,교육
3345,철학
3346,역사
3347,설계
3349,건강
3350,건강
3351,철학
3352,기술
3353,지식
3354,환경
3355,혁신
3356,성공
3357,철학
3358,사회
3359,지식
3360,성공
3361,성공
3362,디자인
3363,혁신
3364,환경
3365,사회
3366,행복
3367,기술
3368,교육
3369,사회
3370,기술
3371,경제
3372,과학
3373,지식
3374,기술
3375,혁신
3376,도전
3377,지식
3378,설계
3379,윤리
3380,환경
3381,혁신
3382,경제
3383,경제
3384,문학
3385,행복
3386,경제
3387,경제
3388,전쟁
3389,철학
3390,행복
3391,꿈
3392,철학
3393,환경
3394,윤리
3395,역사
3396,운동
3397,희망
3398,신뢰
3399,혁신
3400,기술
3401,환경
3402,사회
3403,환경
3404,교육
3405,윤리
3406,교육
3407,기술
3408,교육
3409,희망
3410,역사
3411,교육
3412,기술
3413,여행
3414,행복
3415,교육
3416,과학
3417,철학
3418,역사
3419,철학
3420,기술
3421,교육
3422,기술
3423,환경
3424,역사
3425,사회
3426,지식
3427,철학
3428,역사
3429,교육
3430,행복
3431,환경
3432,교육
3433,역사
3434,경제
3435,환경
3436,설계
3437,기술
3438,철학
3439,기술
3440,기술
3441,경제
3442,사회
3443,경제
3444,지식
3445,기술
3446,사회
3447,희망
3448,행복
3449,희망
3450,사회
3451,지식
3452,환경
3453,교육
3454,성공
3455,동물
3456,기술
3457,환경
3458,경제
3459,교육
3460,경제
3461,교육
3462,건축
3463,경제
3464,역사
3465,경제
3466,사회
3467,기술
3468,혁신
3469,행복
3470,교육
3471,여행
3472,도전
3473,사회
3474,지식
3475,윤리
3476,문학
3477,환경
3478,철학
3479,경제
3480,환경
3481,성공
3482,교육
3483,교육
3484,건강
3485,희망
3486,행복
3487,경제
3488,기술
3489,혁신
3490,지식
3491,교육
3492,성공
3493,교육
3494,윤리
3495,환경
3496,혁신
3497,환경
3498,철학
3499,경제
3501,행복
3502,역사
3503,기술
3504,신뢰
3505,경제
3506,역사
3507,교육
3508,행복
3509,기술
3510,기술
3511,실패
3512,기술
3513,건강
3514,성공
3515,기술
3516,철학
3517,교육
3518,설계
3519,교육
3520,기술
3521,기술
3522,희망
3523,행복
3524,기술
3525,기술
3526,기술
3527,환경
3528,환경
3529,설계
3530,윤리
3531,기술
3533,기술
3534,사회
3535,신뢰
3536,경제
3537,교육
3538,윤리
3539,환경
3540,과학
3541,운동
3542,역사
3543,행복
3544,경제
3545,교육
3546,사회
3547,철학
3548,혁신
3549,역사
3550,환경
3551,환경
3552,설계
3553,설계
3554,희망
3555,희망
3556,경제
3557,경제
3558,환경
3559,환경
3560,사회
3561,기술
3562,기술
3563,윤리
3564,환경
3565,사회
3566,사회
3567,혁신
3568,과학
3569,교육
3570,기술
3571,운동
3572,경제
3573,예술
3574,지식
3575,철학
3576,경제
3577,교육
3578,성공
3579,도시
3580,기술
3581,성공
3582,역사
3583,경제
3584,경제
3585,철학
3586,혁신
3587,경제
3588,행복
3589,교육
3590,설계
3591,건강
3592,기술
3593,기술
3594,지식
3595,여행
3596,혁신
3597,설계
3598,기술
3599,기술
3600,행복
3601,신뢰
3602,기술
3603,교육
3604,동물
3605,윤리
3606,환경
3607,교육
3608,꿈
3609,희망
3610,기술
3611,사회
3612,교육
3613,철학
3614,경제
3615,지식
3616,환경
3617,희망
3618,윤리
3619,경제
3620,경제
3621,경제
3622,윤리
3623,성공
3624,철학
3625,교육
3626,윤리
3627,교육
3628,교육
3629,기술
3630,사회
3631,행복
3632,환경
3633,경제
3634,교육
3635,역사
3636,교육
3637,과학
3638,행복
3639,행복
3640,윤리
3641,여행
3642,기술
3643,성공
3644,기술
3645,희망
3646,교육
3647,기술
3648,환경
3649,기술
3650,철학
3651,혁신
3652,기술
3653,교육
3654,과학
3655,교육
3656,성공
3657,사회
3658,기술
3659,교육
3660,기술
3661,환경
3662,기술
3663,교육
3664,희망
3665,역사
3666,철학
3667,지식
3668,역사
3669,교육
3670,혁신
3671,기술
3672,윤리
3673,사회
3674,혁신
3675,사회
3676,건강
3677,경제
3678,윤리
3679,교육
3680,신뢰
3681,역사
3682,혁신
3683,철학
3684,환경
3685,역사
3686,역사
3687,역사
3688,경제
3689,설계
3690,전쟁
3691,성공
3692,문학
3693,경제
3694,경제
3695,결혼
3696,철학
3697,건축
3698,기술
3699,기술
3700,기술
3701,기술
3702,철학
3703,역사
3704,경제
3705,교육
3706,경제
3707,설계
3708,성공
3709,윤리
3710,희망
3711,기술
3712,사회
3713,기술
3714,환경
3715,사회
3716,성공
3717,철학
3718,행복
3719,경제
3720,문학
3721,사회
3722,여행
3723,기술
3724,윤리
3725,경제
3726,행복
3727,철학
3728,경제
3729,경제
3730,성공
3731,환경
3732,윤리
3733,교육
3734,과학
3735,기술
3736,성공
3737,경제
3738,건강
3739,교육
3740,성공
3741,경제
3742,교육
3743,경제
3744,교육
3745,성공
3746,경제
3747,기술
3748,과학
3749,설계
3750,사회
3751,환경
3752,철학
3753,혁신
3754,역사
3755,지식
3756,철학
3757,윤리
3758,기술
3759,철학
3760,교육
3761,사회
3762,교육
3763,건강
3764,전쟁
3765,경제
3766,성공
3767,문학
3768,교육
3769,교육
3770,성공
3771,사회
3772,경제
3773,경제
3774,경제
3775,기술
3776,지식
3777,건강
3778,사회
3779,과학
3780,기술
3781,건강
3782,경제
3783,환경
3784,철학
3785,철학
3786,혁신
3787,경제
3788,혁신
3789,지식
3790,지식
3791,기술
3792,철학
3793,기술
3794,지식
3795,철학
3796,환경
3797,윤리
3798,환경
3799,교육
3800,신뢰
3801,환경
3802,환경
3803,역사
3804,건강
3805,성공
3806,경제
3807,기술
3808,종교
3809,명상
3810,문학
3811,경제
3812,혁신
3813,희망
3814,운명
3815,철학
3816,도시
3817,사회
3818,교육
3819,철학
3820,문학
3821,행복
3822,교육
3823,교육
3824,문학
3825,사회
3826,여행
3827,사회
3828,역사
3829,환경
3830,희망
3831,철학
3832,사회
3833,교육
3834,경제
3835,환경
3836,지식
3837,환경
3838,경제
3839,교육
3840,혁신
3841,윤리
3842,전쟁
3843,기술
3844,사회
3845,교육
3846,기술
3847,교육
3848,과학
3849,환경
3850,기술
3851,교육
3852,교육
3853,윤리
3854,사회
3855,사회
3856,기술
3857,지식
3858,문학
3859,사회
3860,역사
3861,기술
3862,예술
3863,환경
3864,철학
3865,문학
3866,교육
3867,경제
3868,운동
3869,환경
3870,기술
3871,혁신
3872,경제
3873,경제
3874,역사
3875,혁신
3876,기술
3877,설계
3878,교육
3879,윤리
3880,혁신
3881,혁신
3882,사회
3883,기술
3884,교육
3885,교육
3886,기술
3887,운동
3888,환경
3889,실패
3890,교육
3891,교육
3892,과학
3893,행복
3894,문학
3895,신뢰
3896,환경
3897,교육
3898,과학
3899,환경
3900,성공
3901,경제
3902,경제
3903,윤리
3904,사회
3905,기술
3906,실패
3907,기술
3908,지식
3909,환경
3910,성공
3911,기술
3912,철학
3913,교육
3914,경제
3915,친구
3916,경제
3917,과학
3918,경제
3919,윤리
3920,혁신
3921,문학
3922,희망
3923,경제
3924,사회
3925,경제
3926,사회
3927,운명
3928,교육
3929,역사
3930,행복
3931,경제
3932,경제
3933,경제
3934,혁신
3935,윤리
3936,역사
3937,환경
3938,사회
3939,역사
3940,철학
3941,기술
3942,지식
3943,환경
3944,결혼
3945,역사
3946,여행
3947,신뢰
3948,사회
3949,혁신
3950,환경
3951,사회
3952,교육
3953,역사
3954,철학
3955,역사
3956,기술
3957,경제
3958,환경
3959,교육
3960,환경
3961,문학
3962,도시
3963,기술
3964,기술
3965,설계
3966,경제
3967,기술
3968,윤리
3969,문학
3970,교육
3971,실패
3972,도전
3973,윤리
3974,교육
3975,기술
3976,환경
3977,역사
3978,역사
3979,환경
3980,기술
3981,환경
3982,교육
3983,교육
3984,기술
3985,윤리
3986,교육
3987,혁신
3988,윤리
3989,예술
3990,기술
3991,교육
3992,기술
3993,사회
3994,환경
3995,역사
3996,기술
3997,역사
3998,문학
3999,사회
4000,여행
4001,혁신
4002,교육
4003,교육
4004,윤리
4005,과학
4006,과학
4007,윤리
4008,행복
4009,역사
4010,경제
4011,예술
4012,혁신
4013,여행
4014,역사
4015,철학
4016,기술
4017,교육
4018,기술
4019,성공
4020,환경
4021,혁신
4022,설계
4023,지식
4024,행복
4025,교육
4026,철학
4027,교육
4028,환경
4029,건강
4030,건강
4031,행복
4032,설계
4033,경제
4034,교육
4035,친구
4036,역사
4037,교육
4038,설계
4039,교육
4040,교육
4041,과학
4042,혁신
4043,환경
4044,철학
4045,경제
4046,교육
4047,사회
4048,역사
4049,디자인
4050,교육
4051,철학
4052,환경
4053,교육
4054,교육
4055,과학
4056,사회
4057,도전
4058,환경
4059,건강
4060,윤리
4061,경제
4062,기술
4063,철학
4064,경제
4065,교육
4066,혁신
4067,설계
4068,교육
4069,기술
4070,지식
4071,창의성
4072,기술
4073,교육
4074,기술
4075,역사
4076,철학
4077,꿈
4078,지식
4079,교육
4080,혁신
4081,철학
4082,철학
4083,혁신
4084,경제
4085,환경
4086,사회
4087,기술
4088,환경
4089,기술
4090,교육
4091,철학
4092,환경
4093,행복
4094,행복
4095,행복
4096,윤리
4097,건강
4098,명상
4099,건강
4100,역사
4101,신뢰
4102,역사
4103,문학
4104,교육
4105,교육
4106,문학
4107,교육
4108,경제
4109,경제
4110,혁신
4111,환경
4112,철학
4113,역사
4114,경제
4115,환경
4116,환경
4117,행복
4118,혁신
4119,교육
4120,기술
4121,윤리
4122,기술
4123,기술
4124,교육
4125,윤리
4126,성공
4127,성공
4128,경제
4129,역사
4130,경제
4131,교육
4132,역사
4133,경제
4134,교육
4135,사회
4136,기술
4137,성공
4138,철학
4139,환경
4140,사회
4141,기술
4142,혁신
4143,혁신
4144,경제
4145,역사
4146,행복
4147,교육
4148,혁신
4149,도전
4150,기술
4151,철학
4152,설계
4153,사회
4154,기술
4155,교육
4156,성공
4157,윤리
4158,지식
4159,결혼
4160,교육
4161,기술
4162,성공
4163,기술
4164,종교
4165,혁신
4166,교육
4167,환경
4168,기술
4169,교육
4170,지식
4171,꿈
4172,역사
4173,환경
4174,역사
4175,교육
4176,윤리
4177,행복
4178,윤리
4179,교육
4180,사회
4181,환경
4182,기술
4183,환경
4184,행복
4185,꿈
4186,사회
4187,경제
4188,역사
4189,철학
4190,역사
4191,사회
4192,역사
4193,기술
4194,철학
4195,윤리
4196,성공
4197,경제
4198,기술
4199,성공
4200,교육
4201,철학
4202,설계
4203,문학
4204,혁신
4205,교육
4206,경제
4207,교육
4208,성공
4209,교육
4210,환경
4211,역사
4212,꿈
4213,사회
4214,행복
4215,교육
4216,혁신
4217,기술
4218,성공
4219,교육
4220,건강
4221,혁신
4222,도전
4223,행복
4224,전쟁
4225,역사
4226,교육
4227,도전
4228,교육
4229,성공
4230,기술
4231,사회
4232,교육
4233,교육
4234,환경
4235,평화
4236,경제
4237,기술
4238,혁신
4239,설계
4240,혁신
4241,경제
4242,기술
4243,경제
4244,혁신
4245,교육
4246,성공
4247,과학
4248,환경
4249,기술
4250,건축
4251,운동
4252,경제
4253,설계
4254,성공
4255,혁신
4256,예술
4257,철학
4258,역사
4259,기술
4260,행복
4261,사회
4262,혁신
4263,교육
4264,기술
4265,기술
4266,교육
4267,경제
4268,행복
4269,명상
4270,철학
4271,예술
4272,설계
4273,예술
4274,문학
4275,사회
4276,역사
4277,성공
4278,교육
4279,도시
4280,경제
4281,성공
4282,행복
4283,철학
4284,교육
4285,혁신
4286,설계
4287,환경
4288,지식
4289,지식
4290,교육
4291,환경
4292,행복
4293,환경
4294,혁신
4295,기술
4296,환경
4297,혁신
4298,철학
4299,기술
4300,사회
4301,철학
4302,예술
4303,지식
4304,설계
4305,윤리
4306,설계
4307,결혼
4308,사회
4309,기술
4310,철학
4311,행복
4312,경제
4313,기술
4314,교육
4315,기술
4316,경제
4317,성공
4318,경제
4319,문학
4320,사회
4321,철학
4322,혁신
4323,경제
4324,역사
4325,역사
4326,설계
4327,예술
4328,평화
4329,환경
4330,환경
4331,희망
4332,교육
4333,사회
4334,혁신
4335,신뢰
4336,설계
4337,환경
4338,도전
4339,역사
4340,교육
4341,기술
4342,교육
4343,환경
4344,혁신
4345,희망
4346,역사
4347,성공
4348,종교
4349,교육
4350,혁신
4351,교육
4352,건축
4353,기술
4354,환경
4355,혁신
4356,행복
4357,성공
4358,역사
4359,창의성
4360,사회
4361,역사
4362,기술
4363,기술
4364,경제
4365,기술
4366,경제
4367,행복
4368,철학
4369,사회
4370,역사
4371,명상
4372,지식
4373,윤리
4374,역사
4375,철학
4376,경제
4377,경제
4378,건강
4379,철학
4380,경제
4381,행복
4382,운동
4383,사회
4384,교육
4385,행복
4386,사회
4387,여행
4388,기술
4389,혁신
4390,교육
4391,경제
4392,철학
4393,역사
4394,경제
4395,기술
4396,환경
4397,경제
4398,경제
4399,교육
4400,역사
4401,철학
4402,신뢰
4403,역사
4404,철학
4405,교육
4406,역사
4407,교육
4408,꿈
4409,역사
4411,역사
4412,신뢰
4414,교육
4415,철학
4416,교육
4417,예술
4418,교육
4419,성공
4420,행복
4421,성공
4422,운명
4423,혁신
4424,실패
4425,경제
4426,교육
4427,건강
4428,환경
4429,사회
4430,역사
4431,교육
4432,사회
4433,교육
4434,기술
4435,사회
4436,평화
4437,기술
4438,경제
4439,역사
4440,기술
4441,경제
4442,혁신
4443,사회
4444,역사
4445,기술
4446,운동
4447,기술
4448,도시
4449,교육
4450,문학
4451,교육
4452,성공
4453,성공
4454,교육
4455,기술
4456,혁신
4457,교육
4458,교육
4459,교육
4460,도시
4461,기술
4462,역사
4463,환경
4464,도시
4465,경제
4466,예술
4467,교육
4468,기술
4469,철학
4470,설계
4471,환경
4472,기술
4473,건강
4474,혁신
4475,사회
4476,철학
4477,경제
4478,역사
4479,운명
4480,과학
4481,기술
4482,교육
4483,기술
4484,기술
4485,철학
4486,역사
4487,지식
4488,환경
4489,기술
4490,철학
4491,성공
4492,기술
4493,설계
4494,기술
4495,경제
4496,기술
4497,운동
4498,역사
4499,설계
4500,혁신
4501,지식
4502,사회
4503,신뢰
4504,역사
4505,교육
4506,역사
4507,기술
4508,과학
4509,혁신
4510,역사
4511,혁신
4512,교육
4513,환경
4514,건강
4515,기술
4516,기술
4517,철학
4518,환경
4519,역사
4520,혁신
4521,기술
4522,행복
4523,교육
4524,기술
4525,기술
4526,설계
4527,평화
4528,사회
4529,사회
4530,환경
4531,기술
4532,문학
4533,경제
4534,사회
4535,역사
4536,환경
4537,교육
4538,경제
4539,기술
4540,혁신
4541,행복
4542,교육
4543,성공
4544,문학
4545,성공
4546,경제
4547,기술
4548,건강
4549,환경
4550,역사
4551,사회
4552,경제
4553,예술
4554,행복
4555,행복
4556,환경
4557,경제
4558,성공
4559,성공
4560,설계
4561,기술
4562,경제
4563,경제
4564,사회
4565,환경
4566,철학
4567,역사
4568,교육
4569,윤리
4570,윤리
4571,건강
4572,혁신
4573,경제
4574,사회
4575,교육
4576,윤리
4577,기술
4578,기술
4579,기술
4580,교육
4581,경제
4582,실패
4583,교육
4584,행복
4585,사회
4586,교육
4587,행복
4588,기술
4589,건축
4590,교육
4591,역사
4592,혁신
4593,꿈
4594,기술
4595,혁신
4596,윤리
4597,환경
4598,기술
4599,행복
4600,환경
4601,기술
4602,철학
4603,윤리
4604,역사
4605,예술
4606,사회
4607,문학
4608,설계
4609,기술
4610,기술
4611,환경
4612,교육
4613,예술
4614,문학
4615,경제
4616,환경
4617,윤리
4618,행복
4619,기술
4620,기술
4621,사회
4622,경제
4623,역사
4624,사회
4625,기술
4626,기술
4627,도전
4628,경제
4629,역사
4630,교육
4631,교육
4632,혁신
4633,철학
4634,기술
4635,윤리
4636,기술
4637,역사
4638,윤리
4639,예술
4640,운명
4641,사회
4642,환경
4643,성공
4644,사회
4645,혁신
4646,경제
4647,역사
4648,성공
4649,역사
4650,친구
4651,철학
4652,윤리
4653,경제
4654,역사
4655,경제
4656,기술
4657,지식
4658,교육
4659,환경
4660,교육
4661,성공
4662,실패
4663,철학
4664,예술
4665,기술
4666,사회
4667,건축
4668,기술
4669,혁신
4670,기술
4671,과학
4672,성공
4673,지식
4674,경제
4675,환경
4676,건강
4677,역사
4678,환경
4679,실패
4680,교육
4681,희망
4682,여행
4683,과학
4684,꿈
4685,혁신
4687,환경
4688,역사
4689,종교
4691,꿈
4692,철학
4693,윤리
4694,행복
4695,윤리
4696,혁신
4697,명상
4698,교육
4699,행복
4700,혁신
4701,신뢰
4702,기술
4703,역사
4704,건강
4705,환경
4706,교육
4707,사회
4708,환경
4709,교육
4710,기술
4711,경제
4712,교육
4713,희망
4714,설계
4715,철학
4716,환경
4717,환경
4718,예술
4719,기술
4720,교육
4721,기술
4722,철학
4723,교육
4724,기술
4725,사회
4726,기술
4727,지식
4728,행복
4729,기술
4730,철학
4731,철학
4732,행복
4733,기술
4734,건강
4735,과학
4736,환경
4737,역사
4738,철학
4739,여행
4740,환경
4741,경제
4742,윤리
4743,철학
4744,교육
4745,사회
4746,철학
4747,경제
4748,경제
4749,철학
4750,문학
4751,역사
4752,교육
4753,사회
4754,교육
4755,역사
4756,혁신
4757,역사
4758,기술
4759,지식
4760,기술
4761,사회
4762,기술
4763,행복
4764,윤리
4765,환경
4766,윤리
4767,꿈
4768,윤리
4769,동물
4770,성공
4771,교육
4772,교육
4773,성공
4774,교육
4775,철학
4776,기술
4777,기술
4778,희생
4779,기술
4780,교육
4781,경제
4782,교육
4783,사회
4784,환경
4785,혁신
4786,과학
4787,환경
4788,설계
4789,혁신
4790,철학
4791,실패
4792,설계
4793,경제
4794,역사
4795,경제
4796,혁신
4797,기술
4798,건강
4799,기술
4800,지식
4801,사회
4802,윤리
4803,과학
4804,환경
4805,희망
4806,환경
4807,환경
4808,지식
4809,역사
4810,사회
4811,도전
4812,환경
4813,철학
4814,사회
4815,역사
4816,사회
4817,경제
4818,교육
4819,운동
4820,교육
4821,교육
4822,문학
4823,환경
4824,기술
4825,기술
4826,경제
4827,사회
4828,성공
4829,경제
4830,역사
4831,철학
4832,기술
4833,기술
4834,성공
4835,건강
4836,환경
4837,환경
4838,환경
4839,사회
4840,지식
4841,경제
4842,지식
4843,철학
4844,동물
4845,사회
4846,사회
4847,환경
4848,교육
4849,윤리
4850,교육
4851,교육
4852,꿈
4853,문학
4854,경제
4855,지식
4856,기술
4857,여행
4858,행복
4859,사회
4860,도전
4861,사회
4862,기술
4863,교육
4864,교육
4865,혁신
4866,지식
4867,윤리
4868,사회
4869,명상
4870,종교
4871,윤리
4872,철학
4873,윤리
4874,윤리
4875,경제
4876,철학
4877,교육
4878,평화
4879,명상
4880,지식
4881,역사
4882,기술
4883,문학
4884,건강
4885,혁신
4886,도시
4887,기술
4888,지식
4889,문학
4890,철학
4891,문학
4892,과학
4893,기술
4894,희망
4895,설계
4896,윤리
4897,교육
4898,성공
4899,기술
4900,과학
4901,윤리
4902,경제
4903,역사
4904,성공
4905,역사
4906,행복
4907,신뢰
4908,철학
4909,혁신
4910,혁신
4911,혁신
4912,혁신
4913,역사
4914,경제
4915,예술
4916,희망
4917,과학
4918,윤리
4919,운명
4920,환경
4921,윤리
4922,교육
4923,교육
4924,기술
4925,철학
4926,철학
4927,환경
4928,성공
4929,철학
4930,윤리
4931,환경
4932,환경
4933,지식
4934,기술
4935,설계
4936,교육
4937,행복
4938,교육
4939,기술
4940,철학
4941,혁신
4942,교육
4943,기술
4944,사회
4945,행복
4946,철학
4947,환경
4948,역사
4949,과학
4950,환경
4951,역사
4952,희망
4953,건강
4954,윤리
4955,경제
4956,경제
4957,경제
4958,설계
4959,환경
4960,역사
4961,교육
4962,교육
4963,경제
4964,경제
4965,문학
4966,기술
4967,문학
4968,건강
4969,사회
4970,기술
4971,실패
4972,동물
4973,윤리
4974,교육
4975,경제
4976,경제
4977,건강
4978,경제
4979,지식
4980,교육
4981,경제
4982,윤리
4983,경제
4984,꿈
4985,역사
4986,혁신
4988,윤리
4989,성공
4990,지식
4991,사회
4992,설계
4993,도전
4994,기술
4995,역사
4996,사회
4997,사회
4998,기술
4999,교육
5000,지식
5001,사회
5002,희망
5003,환경
5004,경제
5005,사회
5006,기술
5007,사회
5008,환경
5009,경제
5010,경제
5011,혁신
5012,사회
5013,건강
5014,혁신
5015,사회
5016,역사
5017,혁신
5018,교육
5019,지식
5020,경제
5021,혁신
5022,친구
5023,경제
5024,사회
5025,기술
5026,경제
5027,기술
5028,윤리
5029,철학
5030,교육
5031,여행
5032,지식
5033,사회
5034,사회
5035,문학
5036,윤리
5037,결혼
5038,교육
5039,철학
5040,경제
5041,교육
5042,경제
5043,희망
5044,사회
5045,환경
5046,교육
5047,교육
5048,환경
5049,경제
5050,교육
5051,환경
5052,역사
5053,경제
5054,결혼
5055,철학
5056,윤리
5057,기술
5058,환경
5059,꿈
5060,휴식
5061,사회
5062,기술
5063,교육
5064,윤리
5065,기술
5066,환경
5067,설계
5068,친구
5069,문학
5070,혁신
5071,영웅
5072,평화
5073,기술
5074,경제
5075,지식
5076,기술
5077,기술
5078,교육
5079,윤리
5080,기술
5081,설계
5082,꿈
5083,행복
5084,성공
5085,역사
5086,기술
5087,성공
5088,과학
5089,기술
5090,과학
5091,경제
5092,역사
5093,사회
5094,디자인
5095,환경
5096,건강
5097,윤리
5098,행복
5099,경제
5100,지식
5101,실패
5102,행복
5103,도전
5104,교육
5105,예술
5106,지식
5107,역사
5108,설계
5109,지식
5110,교육
5111,기술
5112,혁신
5113,행복
5114,기술
5115,사회
5116,건강
5117,경제
5118,기술
5119,휴식
5120,철학
5121,교육
5122,혁신
5123,경제
5124,경제
5125,경제
5126,교육
5127,경제
5128,역사
5129,문학
5130,환경
5131,꿈
5132,성공
5133,윤리
5134,혁신
5135,운동
5136,설계
5137,설계
5138,환경
5139,기술
5140,경제
5141,경제
5142,역사
5143,기술
5144,건축
5145,성공
5146,기술
5147,사회
5148,철학
5149,철학
5150,성공
5151,역사
5152,환경
5153,경제
5154,경제
5155,환경
5156,친구
5157,역사
5158,경제
5159,기술
5160,도전
5161,과학
5162,기술
5163,교육
5164,건강
5165,교육
5166,기술
5167,사회
5168,지식
5169,환경
5170,기술
5171,혁신
5172,도시
5173,윤리
5174,교육
5175,혁신
5176,명상
5177,사회
5178,경제
5179,기술
5180,교육
5181,교육
5182,사회
5183,혁신
5184,사회
5185,철학
5186,역사
5187,혁신
5188,경제
5189,역사
5190,경제
5191,윤리
5192,윤리
5193,기술
5194,윤리
5195,환경
5196,기술
5197,윤리
5198,혁신
5199,철학
5200,교육
5201,성공
5202,혁신
5203,교육
5204,철학
5205,지식
5206,동물
5207,동물
5208,행복
5209,과학
5210,예술
5211,경제
5212,기술
5213,예술
5214,명상
5215,기술
5216,전쟁
5217,기술
5218,교육
5219,기술
5220,교육
5221,역사
5222,교육
5223,운동
5224,교육
5225,기술
5226,환경
5227,역사
5228,사회
5229,철학
5230,윤리
5231,교육
5232,역사
5233,윤리
5234,경제
5235,기술
5236,꿈
5237,지식
5238,설계
5239,문학
5240,교육
5241,환경
5242,역사
5243,사회
5244,역사
5245,평화
5246,역사
5247,지식
5248,혁신
5249,환경
5250,윤리
5251,문학
5252,혁신
5253,혁신
5254,교육
5255,철학
5256,설계
5257,전쟁
5258,사회
5259,철학
5260,혁신
5261,혁신
5262,교육
5263,사회
5264,행복
5265,환경
5266,윤리
5267,역사
5268,기술
5269,역사
5270,사회
5271,행복
5272,지식
5273,철학
5274,역사
5275,경제
5276,역사
5277,성공
5278,윤리
5279,기술
5280,경제
5281,윤리
5282,역사
5283,사회
5284,혁신
5285,설계
5286,윤리
5287,환경
5288,과학
5289,꿈
5290,기술
5291,여행
5292,윤리
5293,환경
5294,철학
5295,성공
5296,교육
5297,기술
5298,경제
5299,혁신
5300,혁신
5301,윤리
5302,환경
5303,기술
5304,기술
5305,경제
5306,철학
5307,꿈
5308,기술
5309,과학
5310,전쟁
5311,성공
5312,역사
5313,지식
5314,사회
5315,사회
5316,역사
5317,사회
5318,기술
5319,환경
5320,사회
5321,지식
5322,경제
5323,꿈
5324,사회
5325,환경
5326,경제
5327,역사
5328,기술
5329,철학
5330,과학
5331,환경
5332,성공
5333,역사
5334,과학
5335,기술
5336,교육
5337,성공
5338,역사
5339,행복
5340,희망
5341,평화
5342,교육
5343,명상
5344,환경
5345,환경
5346,경제
5347,경제
5348,환경
5349,환경
5350,윤리
5351,교육
5352,교육
5353,기술
5354,환경
5355,기술
5356,설계
5357,환경
5358,기술
5359,윤리
5360,환경
5361,기술
5362,희망
5363,역사
5364,행복
5365,성공
5366,윤리
5367,철학
5368,혁신
5369,혁신
5370,윤리
5371,사회
5372,건강
5373,문학
5374,교육
5375,기술
5376,교육
5377,건강
5378,혁신
5379,환경
5380,윤리
5381,경제
5382,교육
5383,철학
5384,철학
5385,윤리
5386,사회
5387,교육
5388,역사
5389,윤리
5390,경제
5391,환경
5392,경제
5393,행복
5394,건강
5395,환경
5396,혁신
5397,건강
5398,경제
5399,환경
5400,철학
5401,기술
5402,성공
5403,도전
5404,경제
5405,철학
5406,경제
5407,교육
5408,혁신
5409,사회
5410,성공
5411,교육
5412,행복
5413,교육
5414,교육
5415,환경
5416,교육
5417,철학
5418,기술
5419,지식
5420,환경
5421,문학
5422,교육
5423,설계
5424,교육
5425,경제
5426,역사
5427,경제
5428,철학
5429,혁신
5430,희망
5431,사회
5432,경제
5433,경제
5434,교육
5435,환경
5436,성공
5437,지식
5438,설계
5439,사회
5440,경제
5441,철학
5442,기술
5443,윤리
5444,기술
5445,교육
5446,교육
5447,환경
5448,교육
5449,혁신
5450,행복
5451,환경
5452,환경
5453,기술
5454,역사
5455,기술
5456,교육
5457,환경
5458,기술
5459,환경
5460,역사
5461,교육
5462,기술
5463,환경
5464,환경
5465,역사
5466,환경
5467,경제
5468,문학
5469,기술
5470,윤리
5471,지식
5472,과학
5473,기술
5474,사회
5475,경제
5476,건강
5477,사회
5478,환경
5479,윤리
5480,철학
5481,행복
5482,과학
5483,역사
5484,성공
5485,교육
5486,교육
5487,설계
5488,교육
5489,기술
5490,기술
5491,기술
5492,경제
5494,환경
5495,과학
5496,교육
5497,경제
5498,기술
5499,혁신
5500,성공
5501,역사
5502,운동
5503,환경
5504,역사
5505,환경
5506,지식
5507,성공
5508,혁신
5509,철학
5510,교육
5511,기술
5512,교육
5513,경제
5514,기술
5515,기술
5516,과학
5517,기술
5518,윤리
5519,환경
5520,건강
5521,과학
5522,윤리
5523,기술
5524,사회
5525,역사
5526,명상
5527,환경
5528,역사
5529,사회
5530,역사
5531,사회
5532,교육
5533,혁신
5534,환경
5535,경제
5536,교육
5537,성공
5538,역사
5539,사회
5540,설계
5541,행복
5542,환경
5543,행복
5544,교육
5545,설계
5546,신뢰
5547,기술
5548,교육
5549,혁신
5550,혁신
5551,사회
5552,혁신
5553,교육
5554,환경
5555,환경
5556,기술
5557,역사
5558,학문
5559,과학
5560,건강
5561,경제
5563,문학
5564,혁신
5565,행복
5566,철학
5567,사회
5568,철학
5569,기술
5570,예술
5571,설계
5572,사회
5573,기술
5574,경제
5575,성공
5576,교육
5577,사회
5578,윤리
5579,경제
5580,사회
5581,환경
5582,환경
5583,지식
5584,명상
5585,성공
5586,역사
5587,도전
5588,역사
5589,여행
5590,환경
5591,역사
5592,사회
5593,기술
5594,교육
5595,교육
5596,예술
5597,운명
5598,기술
5599,철학
5600,행복
5601,교육
5602,철학
5603,희망
5604,환경
5605,교육
5606,기술
5607,사회
5608,기술
5609,건강
5610,건강
5611,기술
5612,기술
5613,교육
5614,역사
5615,교육
5616,기술
5617,사회
5618,운동
5619,역사
5620,교육
5621,건축
5622,사회
5623,혁신
5624,기술
5625,환경
5626,교육
5627,사회
5628,운명
5629,행복
5630,교육
5631,행복
5632,기술
5633,지식
5634,건강
5635,윤리
5636,사회
5637,기술
5638,문학
5639,기술
5640,설계
5641,운동
5642,사회
5643,사회
5644,기술
5645,환경
5646,꿈
5647,역사
5648,교육
5649,교육
5650,희망
5651,기술
5652,혁신
5653,사회
5654,기술
5655,명상
5656,철학
5657,철학
5658,기술
5659,문학
5660,희망
5661,경제
5662,기술
5663,성공
5664,역사
5665,희망
5666,행복
5667,여행
5668,기술
5669,행복
5670,역사
5671,경제
5672,기술
5673,교육
5674,환경
5675,윤리
5676,혁신
5677,예술
5678,교육
5679,교육
5680,기술
5681,지식
5682,기술
5683,철학
5684,경제
5685,기술
5686,건강
5687,기술
5688,희망
5689,환경
5690,환경
5691,운동
5692,건강
5693,예술
5694,문학
5695,사회
5696,문학
5697,교육
5698,꿈
5699,명상
5700,혁신
5701,여행
5702,환경
5703,역사
5704,전쟁
5705,기술
5706,교육
5707,교육
5708,역사
5709,문학
5710,기술
5711,지식
5712,철학
5713,교육
5714,지식
5715,건강
5716,경제
5717,환경
5718,환경
5719,예술
5720,혁신
5721,문학
5722,사회
5723,환경
5724,성공
5725,기술
5726,교육
5727,건축
5728,희망
5729,예술
5730,철학
5731,기술
5732,역사
5733,사회
5734,철학
5735,기술
5736,사회
5737,기술
5738,철학
5739,역사
5740,철학
5741,행복
5742,기술
5743,기술
5744,꿈
5745,환경
5746,역사
5747,혁신
5748,행복
5749,꿈
5750,기술
5751,기술
5752,교육
5753,교육
5754,꿈
5755,경제
5756,혁신
5757,여행
5758,교육
5759,철학
5760,성공
5761,경제
5762,철학
5763,행복
5764,환경
5765,예술
5766,철학
5767,교육
5768,철학
5769,과학
5770,디자인
5772,경제
5773,사회
5774,지식
5775,문학
5776,문학
5777,예술
5778,예술
5779,설계
5780,환경
5781,과학
5782,창의성
5783,꿈
5784,철학
5785,교육
5786,사회
5787,기술
5788,철학
5789,교육
5790,경제
5791,사회
5792,역사
5793,신뢰
5794,경제
5795,혁신
5796,행복
5797,경제
5798,철학
5799,사회
5800,역사
5801,사회
5802,기술
5803,기술
5804,교육
5805,역사
5806,경제
5807,혁신
5808,역사
5809,문학
5810,철학
5811,혁신
5812,교육
5813,경제
5814,윤리
5815,사회
5816,혁신
5817,윤리
5818,교육
5819,환경
5820,기술
5821,혁신
5822,환경
5823,윤리
5824,지식
5825,혁신
5826,기술
5827,전쟁
5828,희망
5829,희망
5830,경제
5831,문학
5832,기술
5833,환경
5834,환경
5835,교육
5836,역사
5837,역사
5838,디자인
5839,행복
5840,환경
5841,환경
5842,혁신
5843,지식
5844,성공
5845,기술
5846,건강
5847,기술
5848,경제
5849,건강
5850,여행
5851,기술
5852,종교
5853,결혼
5854,환경
5855,설계
5856,기술
5857,교육
5858,경제
5859,사회
5860,혁신
5861,기술
5862,도시
5863,경제
5864,환경
5865,지식
5866,운동
5867,교육
5868,문학
5869,건강
5870,사회
5871,교육
5872,행복
5873,윤리
5874,예술
5875,교육
5876,윤리
5877,교육
5878,철학
5879,역사
5880,교육
5881,환경
5882,윤리
5883,경제
5884,경제
5885,기술
5886,교육
5887,혁신
5888,설계
5889,교육
5890,교육
5891,환경
5892,여행
5893,건축
5894,사회
5895,경제
5896,기술
5897,혁신
5898,환경
5899,경제
5900,지식
5901,기술
5902,과학
5903,지식
5904,사회
5905,역사
5906,경제
5907,기술
5908,설계
5909,역사
5910,교육
5911,행복
5912,교육
5913,기술
5914,윤리
5915,지식
5916,문학
5917,실패
5918,교육
5919,혁신
5920,교육
5921,윤리
5922,여행
5923,지식
5924,행복
5925,기술
5926,경제
5927,혁신
5928,행복
5929,경제
5930,운동
5931,기술
5932,경제
5933,환경
5934,문학
5935,교육
5936,기술
5937,친구
5938,환경
5939,평화
5940,경제
5941,경제
5942,경제
5943,경제
5944,성공
5945,경제
5946,행복
5947,윤리
5948,경제
5949,행복
5950,지식
5951,경제
5952,사회
5954,역사
5955,디자인
5956,여행
5957,기술
5958,윤리
5959,기술
5960,윤리
5961,건강
5962,꿈
5963,지식
5964,행복
5965,사회
5966,건강
5967,휴식
5968,교육
5969,사회
5970,행복
5971,경제
5972,문학
5973,혁신
5974,경제
5975,교육
5976,기술
5977,경제
5978,교육
5979,사회
5980,교육
5981,행복
5982,경제
5983,윤리
5984,환경
5985,기술
5986,역사
5987,성공
5988,기술
5989,교육
5990,교육
5991,지식
5992,경제
5993,교육
5994,혁신
5995,교육
5996,환경
5997,사회
5998,사회
5999,기술
6000,건강
6001,교육
6002,기술
6003,행복
6004,윤리
6005,환경
6006,교육
6007,환경
6008,철학
6009,철학
6010,문학
6011,윤리
6012,성공
6013,기술
6014,교육
6015,기술
6016,사회
6017,설계
6018,철학
6019,운명
6020,지식
6021,경제
6022,지식
6023,성공
6024,사회
6025,환경
6026,기술
6027,역사
6028,혁신
6029,교육
6030,기술
6031,꿈
6032,윤리
6033,기술
6034,혁신
6035,교육
6036,기술
6037,환경
6038,철학
6039,기술
6040,행복
6041,경제
6042,경제
6043,환경
6044,희망
6045,행복
6046,경제
6047,성공
6048,윤리
6049,경제
6050,설계
6051,운동
6052,건강
6053,건강
6054,사회
6055,경제
6056,교육
6057,실패
6058,윤리
6059,행복
6060,경제
6061,기술
6062,전쟁
6063,윤리
6064,혁신
6065,사회
6066,사회
6067,기술
6068,환경
6069,도전
6070,기술
6071,교육
6072,환경
6073,학문
6074,사회
6075,사회
6076,기술
6077,성공
6078,기술
6079,윤리
6080,기술
6081,철학
6082,기술
6083,경제
6084,경제
6085,철학
6086,교육
6087,교육
6088,경제
6089,설계
6090,기술
6091,설계
6092,꿈
6093,윤리
6094,혁신
6095,경제
6097,교육
6098,경제
6099,꿈
6100,경제
6101,사회
6102,행복
6103,과학
6104,환경
6105,교육
6106,환경
6107,혁신
6108,혁신
6109,교육
6110,교육
6111,결혼
6112,기술
6113,철학
6114,경제
6115,환경
6116,기술
6117,과학
6118,기술
6119,지식
6120,기술
6121,교육
6122,철학
6123,경제
6124,철학
6125,경제
6126,역사
6127,기술
6128,환경
6129,설계
6130,행복
6131,윤리
6132,운동
6133,교육
6134,행복
6135,지식
6136,예술
6137,경제
6138,설계
6139,사회
6140,과학
6141,여행
6142,경제
6143,환경
6144,문학
6145,혁신
6146,예술
6147,혁신
6148,윤리
6149,기술
6150,지식
6151,사회
6152,지식
6153,역사
6154,혁신
6155,설계
6156,철학
6157,교육
6158,기술
6159,도시
6160,예술
6161,성공
6162,사회
6163,혁신
6164,기술
6165,기술
6166,꿈
6167,기술
6168,기술
6169,윤리
6170,역사
6171,교육
6172,지식
6173,경제
6174,환경
6175,기술
6176,혁신
6177,윤리
6178,역사
6179,경제
6180,여행
6181,성공
6182,기술
6183,설계
6184,기술
6185,환경
6186,꿈
6187,경제
6188,교육
6189,사회
6190,환경
6191,성공
6192,지식
6193,경제
6194,혁신
6195,여행
6196,도시
6197,문학
6198,철학
6199,경제
6200,지식
6201,도전
6202,희망
6203,역사
6204,도전
6205,설계
6206,교육
6207,환경
6208,사회
6209,기술
6210,기술
6211,경제
6212,행복
6213,혁신
6214,환경
6215,경제
6216,행복
6217,행복
6218,기술
6219,여행
6220,역사
6221,기술
6222,건강
6223,행복
6224,성공
6225,꿈
6226,사회
6227,환경
6228,혁신
6229,혁신
6230,기술
6231,동물
6232,기술
6233,설계
6234,역사
6235,역사
6236,교육
6237,행복
6238,행복
6239,건축
6240,교육
6241,기술
6243,사회
6244,교육
6245,경제
6246,역사
6247,기술
6248,역사
6249,교육
6250,환경
6251,환경
6252,윤리
6253,지식
6254,사회
6255,혁신
6256,기술
6257,설계
6258,교육
6259,과학
6260,예술
6261,역사
6262,교육
6263,건축
6264,예술
6265,사회
6266,경제
6267,친구
6268,철학
6269,행복
6270,경제
6271,명상
6272,혁신
6273,교육
6274,교육
6275,윤리
6276,사회
6277,기술
6278,교육
6279,철학
6280,기술
6281,예술
6282,문학
6283,교육
6284,경제
6285,기술
6286,혁신
6287,윤리
6288,환경
6289,교육
6290,혁신
6291,경제
6292,경제
6293,역사
6294,경제
6295,희망
6296,환경
6297,기술
6298,예술
6299,철학
6300,교육
6301,철학
6302,교육
6303,과학
6304,지식
6305,평화
6306,철학
6307,신뢰
6308,철학
6309,행복
6310,환경
6311,경제
6312,운동
6313,행복
6314,환경
6315,성공
6316,사회
6317,교육
6318,환경
6319,교육
6320,기술
6321,사회
6322,설계
6323,사회
6324,경제
6325,철학
6326,역사
6327,환경
6328,역사
6329,철학
6330,지식
6331,환경
6332,환경
6333,경제
6334,경제
6335,예술
6336,혁신
6337,문학
6338,설계
6339,혁신
6340,기술
6341,역사
6342,기술
6343,경제
6344,사회
6345,역사
6346,지식
6347,과학
6348,과학
6349,과학
6350,운명
6351,혁신
6352,기술
6353,사회
6354,경제
6355,교육
6356,경제
6357,지식
6358,혁신
6359,행복
6360,교육
6361,경제
6362,기술
6363,행복
6364,휴식
6365,과학
6366,역사
6367,교육
6368,윤리
6369,역사
6370,행복
6371,사회
6372,기술
6373,교육
6374,여행
6375,경제
6376,교육
6377,교육
6378,예술
6379,경제
6380,교육
6381,도전
6382,사회
6383,기술
6384,건강
6385,지식
6386,경제
6387,경제
6388,역사
6389,기술
6390,기술
6391,사회
6392,기술
6393,기술
6394,기술
6395,동물
6396,혁신
6397,혁신
6398,경제
6399,역사
6400,교육
6401,기술
6402,희망
6403,행복
6404,교육
6405,행복
6406,행복
6407,환경
6408,기술
6409,경제
6410,행복
6411,여행
6412,환경
6413,기술
6414,경제
6415,꿈
6416,예술
6417,지식
6418,설계
6419,역사
6420,환경
6421,성공
6422,기술
6423,경제
6424,교육
6425,기술
6426,전쟁
6427,환경
6428,건축
6429,철학
6430,환경
6431,지식
6432,성공
6433,윤리
6434,경제
6435,사회
6436,기술
6437,기술
6438,윤리
6439,기술
6440,사회
6441,도전
6442,역사
6443,철학
6444,환경
6445,기술
6446,경제
6447,경제
6448,윤리
6449,문학
6450,예술
6451,교육
6452,윤리
6453,교육
6454,혁신
6455,설계
6456,운동
6457,역사
6458,철학
6459,환경
6460,교육
6461,사회
6462,사회
6463,기술
6464,기술
6465,문학
6466,역사
6467,기술
6468,문학
6469,환경
6470,예술
6471,혁신
6472,행복
6473,행복
6474,사회
6475,기술
6476,희망
6477,경제
6478,교육
6479,윤리
6480,실패
6481,기술
6482,행복
6483,혁신
6484,경제
6485,도전
6486,경제
6487,기술
6488,사회
6489,운동
6490,교육
6491,여행
6492,경제
6493,경제
6494,성공
6495,기술
6496,경제
6497,윤리
6498,친구
6499,문학
6500,건강
6501,역사
6502,사회
6503,도전
6504,기술
6505,철학
6506,문학
6507,꿈
6508,사회
6509,기술
6510,환경
6511,기술
6512,성공
6513,기술
6514,기술
6515,설계
6516,사회
6517,환경
6518,사회
6519,사회
6520,건강
6521,경제
6522,건강
6523,교육
6524,철학
6525,지식
6526,철학
6527,역사
6528,철학
6529,설계
6530,지식
6531,경제
6532,설계
6533,지식
6534,과학
6535,문학
6536,기술
6537,환경
6538,경제
6539,역사
6540,사회
6541,윤리
6542,교육
6543,신뢰
6544,교육
6545,사회
6546,문학
6547,예술
6548,사회
6549,건강
6550,기술
6551,과학
6552,환경
6553,교육
6554,철학
6555,환경
6556,경제
6557,기술
6558,성공
6559,기술
6560,경제
6561,사회
6562,경제
6563,경제
6564,사회
6565,교육
6566,사회
6567,지식
6568,혁신
6569,예술
6570,교육
6571,행복
6572,문학
6573,희망
6574,경제
6575,행복
6576,성공
6577,기술
6578,환경
6579,기술
6580,실패
6581,역사
6582,윤리
6583,결혼
6584,환경
6585,혁신
6586,역사
6587,도전
6588,역사
6589,경제
6590,기술
6591,환경
6592,환경
6593,문학
6594,교육
6595,기술
6596,경제
6597,행복
6598,교육
6599,환경
6600,결혼
6601,설계
6602,과학
6603,환경
6604,철학
6605,기술
6606,기술
6607,환경
6608,설계
6609,꿈
6610,문학
6611,철학
6612,기술
6613,사회
6614,건강
6615,사회
6616,교육
6617,역사
6618,문학
6619,경제
6620,도전
6621,윤리
6622,성공
6623,경제
6624,교육
6625,꿈
6626,설계
6627,기술
6628,기술
6629,꿈
6630,여행
6631,경제
6632,환경
6633,경제
6634,교육
6635,기술
6636,혁신
6637,환경
6638,성공
6639,환경
6640,철학
6641,교육
6642,교육
6643,설계
6644,경제
6645,역사
6646,경제
6647,교육
6648,설계
6649,지식
6650,역사
6651,환경
6652,과학
6653,혁신
6654,혁신
6655,사회
6656,혁신
6657,혁신
6658,혁신
6659,문학
6660,윤리
6661,교육
6662,환경
6663,과학
6664,역사
6665,혁신
6666,문학
6667,교육
6668,교육
6669,기술
6670,윤리
6671,창의성
6672,기술
6673,과학
6674,기술
6675,기술
6676,경제
6677,기술
6678,경제
6679,환경
6680,역사
6681,역사
6682,경제
6683,혁신
6684,경제
6685,도시
6686,행복
6687,행복
6688,꿈
6689,지식
6690,혁신
6691,사회
6692,환경
6693,교육
6694,사회
6695,성공
6696,사회
6697,사회
6698,성공
6699,휴식
6700,기술
6701,교육
6702,환경
6703,역사
6704,설계
6705,성공
6706,기술
6707,희망
6708,건강
6709,교육
6710,교육
6711,윤리
6712,혁신
6713,역사
6714,교육
6715,혁신
6716,성공
6717,역사
6718,윤리
6719,윤리
6720,교육
6721,경제
6722,예술
6723,환경
6724,환경
6725,경제
6726,경제
6727,사회
6728,역사
6729,사회
6730,사회
6731,성공
6732,사회
6733,사회
6734,역사
6735,동물
6736,기술
6737,역사
6738,지식
6739,기술
6740,경제
6741,사회
6742,역사
6743,기술
6744,철학
6745,경제
6746,기술
6747,기술
6748,실패
6749,환경
6750,교육
6751,기술
6752,기술
6753,기술
6754,기술
6755,혁신
6756,꿈
6757,문학
6758,경제
6759,기술
6760,디자인
6761,역사
6762,기술
6763,성공
6764,교육
6765,지식
6766,철학
6767,희망
6768,환경
6769,건강
6770,윤리
6771,성공
6772,교육
6773,윤리
6774,윤리
6775,기술
6776,행복
6777,역사
6779,설계
6780,경제
6781,실패
6782,경제
6783,역사
6784,기술
6785,경제
6786,꿈
6787,사회
6788,환경
6789,운명
6790,철학
6791,기술
6792,경제
6793,사회
6794,교육
6795,사회
6796,사회
6797,기술
6798,기술
6799,행복
6800,기술
6801,기술
6802,역사
6803,혁신
6804,여행
6805,역사
6806,혁신
6807,희망
6808,역사
6809,경제
6810,환경
6811,행복
6812,도전
6813,지식
6814,환경
6815,경제
6816,성공
6817,경제
6818,지식
6819,철학
6820,혁신
6821,지식
6822,기술
6823,기술
6824,기술
6825,역사
6826,환경
6827,꿈
6828,문학
6829,사회
6830,역사
6831,혁신
6832,문학
6833,교육
6834,지식
6835,건강
6836,문학
6837,사회
6838,혁신
6839,경제
6840,지식
6841,철학
6842,설계
6843,기술
6844,기술
6845,교육
6846,예술
6847,지식
6848,기술
6849,역사
6850,윤리
6851,교육
6852,경제
6854,역사
6855,혁신
6856,혁신
6857,교육
6858,행복
6859,설계
6860,윤리
6861,건강
6862,기술
6863,역사
6864,설계
6865,철학
6866,철학
6867,여행
6868,환경
6869,사회
6870,문학
6871,문학
6872,역사
6873,윤리
6874,혁신
6875,역사
6876,기술
6877,경제
6878,기술
6879,역사
6880,혁신
6881,성공
6882,교육
6883,성공
6884,과학
6885,교육
6886,지식
6887,설계
6888,환경
6889,지식
6890,경제
6891,경제
6892,역사
6893,희망
6894,명상
6895,교육
6896,행복
6897,경제
6898,지식
6899,건축
6900,교육
6901,지식
6902,문학
6903,성공
6904,교육
6905,역사
6906,경제
6907,사회
6908,꿈
6909,경제
6910,경제
6911,사회
6912,설계
6913,철학
6914,윤리
6915,운명
6916,기술
6917,기술
6918,윤리
6919,설계
6920,역사
6921,지식
6922,기술
6923,철학
6924,문학
6925,철학
6926,철학
6927,희망
6928,희망
6929,철학
6930,행복
6931,철학
6932,경제
6933,혁신
6934,도시
6935,건강
6936,경제
6937,설계
6938,신뢰
6939,문학
6940,환경
6941,설계
6942,디자인
6943,경제
6944,역사
6945,사회
6946,사회
6947,기술
6948,예술
6949,사회
6950,설계
6951,경제
6952,기술
6953,희망
6954,설계
6955,교육
6956,설계
6957,성공
6958,희망
6959,혁신
6960,경제
6961,경제
6962,경제
6963,설계
6964,신뢰
6965,행복
6966,철학
6967,건강
6968,기술
6969,행복
6970,철학
6971,경제
6972,사회
6973,설계
6974,행복
6975,환경
6976,지식
6977,성공
6978,교육
6979,기술
6980,혁신
6981,기술
6982,기술
6983,혁신
6984,지식
6985,사회
6986,환경
6987,건강
6988,혁신
6989,기술
6990,희망
6991,행복
6992,문학
6993,기술
6994,기술
6995,문학
6996,윤리
6997,행복
6998,경제
6999,환경
7000,역사
7001,윤리
7002,문학
7004,경제
7005,혁신
7006,경제
7007,기술
7008,운동
7009,사회
7010,철학
7011,지식
7012,사회
7013,행복
7014,환경
7015,희생
7016,과학
7017,꿈
7018,사회
7019,기술
7020,기술
7021,철학
7022,행복
7023,기술
7024,혁신
7025,설계
7026,휴식
7027,디자인
7028,혁신
7029,꿈
7030,교육
7031,행복
7032,행복
7033,희망
7034,설계
7035,윤리
7036,도전
7037,역사
7038,기술
7039,교육
7040,설계
7041,성공
7042,철학
7043,교육
7044,혁신
7045,역사
7046,경제
7047,기술
7048,성공
7049,혁신
7050,교육
7051,교육
7052,환경
7053,사회
7054,실패
7055,혁신
7056,예술
7057,성공
7058,교육
7059,기술
7060,예술
7061,사회
7062,경제
7063,윤리
7064,교육
7065,신뢰
7066,환경
7067,윤리
7068,성공
7069,혁신
7070,윤리
7071,교육
7072,교육
7073,역사
7074,문학
7075,사회
7076,문학
7077,경제
7078,경제
7079,행복
7080,지식
7081,역사
7082,역사
7083,역사
7084,역사
7085,설계
7086,철학
7087,교육
7088,철학
7089,철학
7090,경제
7091,기술
7092,건강
7093,행복
7094,지식
7095,기술
7096,사회
7097,설계
7098,성공
7099,혁신
7100,여행
7101,윤리
7102,사회
7103,윤리
7104,윤리
7105,기술
7106,기술
7107,문학
7108,교육
7109,윤리
7110,환경
7111,역사
7112,기술
7113,사회
7114,혁신
7115,문학
7116,환경
7117,역사
7118,행복
7119,사회
7120,여행
7121,과학
7122,예술
7123,경제
7124,도전
7125,행복
7126,과학
7127,혁신
7128,여행
7129,설계
7130,희망
7131,철학
7132,문학
7133,결혼
7134,설계
7135,기술
7136,환경
7137,혁신
7138,교육
7139,기술
7140,행복
7141,기술
7142,사회
7143,경제
7144,꿈
7145,희생
7146,윤리
7147,행복
7148,성공
7149,교육
7150,희망
7151,환경
7152,교육
7153,역사
7154,성공
7155,혁신
7156,경제
7157,사회
7158,교육
7159,역사
7160,사회
7161,명상
7162,교육
7163,역사
7164,철학
7165,윤리
7166,기술
7167,사회
7168,교육
7169,철학
7170,사회
7171,윤리
7172,환경
7173,기술
7174,지식
7175,철학
7176,교육
7177,기술
7178,지식
7179,문학
7180,기술
7181,운동
7182,평화
7183,경제
7184,과학
7185,환경
7186,문학
7187,동물
7188,신뢰
7189,교육
7190,디자인
7191,기술
7192,환경
7193,문학
7194,역사
7195,문학
7196,혁신
7197,문학
7198,설계
7199,설계
7200,명상
7201,사회
7202,기술
7203,문학
7204,사회
7205,기술
7206,기술
7207,예술
7208,교육
7209,기술
7210,교육
7211,경제
7212,희망
7213,경제
7214,경제
7215,경제
7216,경제
7217,환경
7218,기술
7219,교육
7220,행복
7221,행복
7222,설계
7223,꿈
7224,기술
7225,문학
7226,교육
7227,기술
7228,여행
7229,행복
7230,역사
7231,환경
7232,운동
7233,희망
7234,기술
7235,행복
7236,역사
7237,지식
7238,교육
7239,환경
7240,윤리
7241,환경
7242,혁신
7243,경제
7244,건축
7245,교육
7246,교육
7247,혁신
7248,성공
7249,기술
7250,경제
7251,역사
7252,도시
7253,철학
7254,역사
7255,혁신
7256,기술
7257,사회
7258,혁신
7259,사회
7260,행복
7261,성공
7262,성공
7263,교육
7264,성공
7265,지식
7266,윤리
7267,기술
7268,과학
7269,예술
7270,환경
7271,윤리
7272,예술
7273,설계
7274,철학
7275,지식
7276,행복
7277,교육
7278,희생
7279,경제
7280,문학
7281,디자인
7282,지식
7283,교육
7284,꿈
7285,혁신
7286,꿈
7287,행복
7288,기술
7289,문학
7290,경제
7291,성공
7292,지식
7293,환경
7294,경제
7295,혁신
7296,교육
7297,교육
7298,환경
7299,철학
7300,결혼
7301,행복
7303,기술
7304,사회
7305,건강
7306,신뢰
7307,건강
7308,역사
7309,철학
7310,혁신
7311,여행
7312,기술
7313,윤리
7314,환경
7315,교육
7316,역사
7317,혁신
7318,교육
7319,역사
7320,환경
7321,설계
7322,환경
7323,지식
7324,교육
7325,환경
7326,교육
7327,기술
7328,기술
7329,환경
7330,여행
7331,철학
7332,기술
7333,기술
7334,설계
7335,예술
7336,예술
7337,사회
7338,기술
7339,사회
7340,철학
7341,경제
7342,희망
7343,행복
7344,교육
7345,교육
7346,역사
7347,윤리
7348,꿈
7349,혁신
7350,혁신
7351,과학
7352,과학
7353,행복
7354,사회
7355,역사
7356,지식
7357,지식
7358,교육
7359,지식
7360,경제
7361,기술
7362,기술
7363,기술
7364,사회
7365,역사
7366,철학
7367,혁신
7368,경제
7369,환경
7370,사회
7371,행복
7372,철학
7373,환경
7374,지식
7375,지식
7376,윤리
7377,역사
7378,교육
7379,기술
7380,지식
7381,철학
7382,교육
7383,건강
7384,환경
7385,예술
7386,환경
7387,지식
7388,사회
7389,운동
7390,과학
7391,경제
7392,경제
7393,교육
7394,교육
7395,환경
7396,환경
7397,환경
7398,문학
7399,기술
7400,과학
7401,철학
7402,교육
7403,기술
7404,행복
7405,환경
7406,교육
7407,사회
7408,성공
7409,과학
7410,경제
7411,혁신
7412,경제
7413,환경
7414,환경
7415,교육
7416,희망
7417,기술
7418,경제
7419,지식
7420,행복
7421,사회
7422,기술
7423,혁신
7424,환경
7425,지식
7426,건강
7427,교육
7428,환경
7429,기술
7430,문학
7431,지식
7432,행복
7433,철학
7434,혁신
7435,문학
7436,역사
7437,교육
7438,지식
7439,문학
7440,교육
7441,교육
7443,역사
7444,설계
7445,교육
7446,교육
7447,환경
7448,문학
7449,교육
7450,기술
7451,환경
7452,역사
7453,기술
7454,운동
7455,윤리
7456,사회
7457,사회
7458,혁신
7459,기술
7460,운동
7461,교육
7462,기술
7463,윤리
7464,역사
7465,교육
7466,신뢰
7467,과학
7468,신뢰
7469,경제
7470,철학
7471,역사
7472,기술
7473,교육
7474,환경
7475,지식
7476,역사
7477,사회
7478,혁신
7479,교육
7480,지식
7481,경제
7482,희망
7483,역사
7484,철학
7485,기술
7486,사회
7487,교육
7488,교육
7489,과학
7490,교육
7491,여행
7492,경제
7493,기술
7494,교육
7495,혁신
7496,경제
7497,기술
7498,사회
7499,기술
7500,교육
7501,환경
7502,지식
7503,사회
7504,문학
7505,철학
7506,환경
7507,경제
7508,기술
7509,사회
7510,문학
7511,경제
7512,예술
7513,기술
7514,성공
7515,지식
7516,문학
7517,역사
7518,혁신
7519,철학
7520,건강
7521,문학
7522,역사
7523,환경
7524,철학
7525,운동
7526,예술
7527,성공
7528,행복
7529,문학
7530,평화
7531,환경
7532,철학
7533,교육
7534,혁신
7535,교육
7536,꿈
7537,교육
7538,역사
7539,기술
7540,환경
7541,기술
7542,설계
7543,환경
7544,역사
7545,기술
7546,역사
7547,교육
7548,도전
7549,행복
7550,경제
7551,기술
7552,윤리
7553,역사
7554,지식
7555,기술
7556,여행
7557,지식
7558,환경
7559,철학
7560,혁신
7561,행복
7562,환경
7563,결혼
7564,기술
7565,명상
7566,사회
7567,경제
7568,윤리
7569,역사
7570,행복
7571,교육
7572,역사
7573,교육
7574,예술
7575,사회
7576,사회
7577,기술
7578,설계
7579,사회
7580,기술
7581,꿈
7582,교육
7583,경제
7584,행복
7585,경제
7586,여행
7587,성공
7588,환경
7589,역사
7590,역사
7591,희망
7592,경제
7593,철학
7594,환경
7595,성공
7596,지식
7597,교육
7598,성공
7599,교육
7600,혁신
7601,사회
7602,기술
7603,환경
7604,환경
7605,경제
7606,도전
7607,교육
7608,교육
7609,철학
7610,성공
7611,사회
7612,행복
7613,교육
7614,환경
7615,지식
7616,지식
7617,기술
7618,행복
7619,교육
7620,교육
7621,지식
7622,행복
7623,사회
7624,혁신
7625,사회
7626,건강
7627,평화
7628,환경
7629,과학
7630,혁신
7631,사회
7632,역사
7633,기술
7634,경제
7635,지식
7636,환경
7637,실패
7638,꿈
7639,기술
7640,환경
7641,사회
7642,교육
7643,교육
7644,교육
7645,환경
7646,지식
7647,교육
7648,문학
7649,건축
7650,교육
7651,철학
7652,지식
7653,환경
7654,환경
7655,역사
7656,역사
7657,운명
7658,건강
7659,실패
7660,행복
7661,기술
7662,윤리
7663,교육
7664,교육
7665,기술
7666,혁신
7667,명상
7668,기술
7669,환경
7670,혁신
7671,역사
7672,철학
7673,기술
7674,기술
7676,사회
7677,꿈
7678,사회
7679,설계
7680,경제
7681,경제
7682,사회
7683,기술
7684,환경
7685,설계
7686,기술
7687,기술
7688,교육
7689,환경
7691,성공
7692,건강
7693,철학
7694,철학
7695,경제
7696,결혼
7697,사회
7698,역사
7699,혁신
7700,철학
7701,혁신
7702,혁신
7703,역사
7704,꿈
7705,꿈
7706,환경
7707,기술
7708,과학
7709,신뢰
7710,환경
7711,교육
7712,운동
7713,재생
7714,윤리
7715,역사
7716,여행
7717,기술
7718,경제
7719,환경
7720,결혼
7721,교육
7722,혁신
7723,경제
7724,경제
7725,역사
7726,기술
7727,행복
7728,교육
7729,꿈
7730,사회
7731,기술
7732,건강
7733,운동
7734,꿈
7735,교육
7736,기술
7737,사회
7738,성공
7739,사회
7740,사회
7741,교육
7742,결혼
7743,교육
7744,역사
7745,철학
7746,윤리
7747,건축
7748,경제
7749,꿈
7750,설계
7751,디자인
7752,경제
7753,혁신
7754,꿈
7755,성공
7756,철학
7757,건축
7758,윤리
7759,환경
7760,행복
7761,환경
7762,철학
7763,행복
7764,기술
7765,설계
7766,역사
7767,역사
7768,경제
7769,성공
7770,설계
7771,경제
7772,기술
7773,교육
7774,사회
7775,역사
7776,교육
7777,철학
7778,교육
7779,기술
7780,혁신
7781,교육
7782,기술
7783,환경
7784,지식
7785,행복
7786,경제
7787,역사
7788,경제
7789,신뢰
7790,환경
7791,창의성
7792,기술
7793,철학
7794,경제
7795,교육
7796,건강
7797,성공
7798,희망
7799,철학
7800,운명
7801,꿈
7802,경제
7803,사회
7804,교육
7805,기술
7806,경제
7807,사회
7808,환경
7809,건강
7810,철학
7812,환경
7813,전쟁
7814,과학
7815,환경
7816,교육
7817,기술
7818,문학
7819,희망
7820,예술
7821,행복
7822,성공
7823,환경
7824,행복
7825,혁신
7826,경제
7827,성공
7828,역사
7829,기술
7830,여행
7831,문학
7832,사회
7833,행복
7834,교육
7835,교육
7836,환경
7837,교육
7838,역사
7839,문학
7840,지식
7841,기술
7842,경제
7843,실패
7844,기술
7845,지식
7846,환경
7847,환경
7848,사회
7849,설계
7850,철학
7851,명상
7852,사회
7853,성공
7854,교육
7855,교육
7856,설계
7857,기술
7858,꿈
7859,지식
7860,환경
7861,경제
7862,철학
7863,기술
7864,윤리
7865,행복
7866,사회
7867,역사
7868,문학
7869,환경
7870,사회
7871,사회
7872,기술
7873,문학
7874,철학
7875,윤리
7876,철학
7877,철학
7878,철학
7879,교육
7880,경제
7881,교육
7882,경제
7883,역사
7884,사회
7885,철학
7886,혁신
7887,기술
7888,기술
7889,설계
7890,사회
7891,철학
7892,희망
7893,건강
7894,역사
7895,사회
7896,사회
7897,혁신
7898,기술
7899,윤리
7900,건축
7901,혁신
7902,교육
7903,철학
7904,도전
7905,과학
7906,신뢰
7907,사회
7908,철학
7909,행복
7910,혁신
7911,역사
7912,행복
7913,문학
7914,기술
7915,성공
7916,경제
7917,환경
7918,기술
7919,기술
7920,환경
7921,역사
7922,성공
7923,기술
7924,기술
7925,꿈
7926,문학
7927,역사
7928,사회
7929,꿈
7930,교육
7931,문학
7932,혁신
7933,혁신
7934,역사
7935,지식
7936,교육
7937,지식
7938,환경
7939,역사
7940,환경
7941,혁신
7942,환경
7943,기술
7944,경제
7945,기술
7946,혁신
7947,역사
7948,기술
7949,사회
7950,역사
7951,사회
7952,사회
7953,경제
7954,문학
7955,희망
7956,도전
7957,희망
7958,기술
7959,과학
7960,희망
7961,철학
7962,기술
7963,행복
7964,환경
7965,꿈
7966,평화
7967,철학
7968,환경
7969,기술
7970,경제
7971,철학
7972,윤리
7973,철학
7974,지식
7975,기술
7976,실패
7977,교육
7978,기술
7979,기술
7980,사회
7981,행복
7982,명상
7983,과학
7984,경제
7985,명상
7986,경제
7987,경제
7988,기술
7989,사회
7990,환경
7991,교육
7992,행복
7993,교육
7994,교육
7995,행복
7996,역사
7997,경제
7998,설계
7999,지식
8000,행복
8001,역사
8002,여행
8003,기술
8004,지식
8005,윤리
8006,지식
8007,지식
8008,환경
8009,경제
8010,교육
8011,경제
8012,교육
8013,환경
8014,기술
8015,예술
8016,성공
8017,설계
8018,교육
8019,기술
8020,교육
8021,기술
8022,철학
8023,경제
8024,성공
8025,지식
8026,사회
8027,문학
8028,과학
8029,기술
8030,기술
8031,기술
8032,희망
8033,환경
8034,여행
8035,건강
8036,행복
8037,경제
8038,기술
8039,사회
8040,기술
8041,예술
8042,행복
8043,철학
8044,교육
8045,문학
8046,혁신
8047,윤리
8048,교육
8049,친구
8050,꿈
8051,환경
8052,기술
8053,기술
8054,기술
8055,교육
8056,문학
8057,환경
8058,윤리
8059,경제
8060,건강
8061,교육
8062,철학
8063,여행
8064,사회
8065,환경
8066,환경
8067,행복
8069,행복
8070,환경
8071,문학
8072,지식
8073,역사
8074,환경
8075,지식
8076,꿈
8077,명상
8078,혁신
8079,문학
8080,사회
8081,지식
8082,역사
8083,기술
8084,사회
8085,실패
8086,운동
8087,경제
8088,철학
8089,지식
8090,예술
8091,꿈
8092,환경
8093,기술
8094,기술
8095,환경
8096,경제
8097,혁신
8098,교육
8099,기술
8100,기술
8101,기술
8102,역사
8103,혁신
8104,성공
8105,꿈
8106,교육
8107,환경
8108,철학
8109,교육
8110,철학
8111,경제
8112,철학
8113,환경
8114,희망
8115,윤리
8116,혁신
8117,기술
8118,교육
8119,행복
8120,역사
8121,사회
8122,여행
8123,혁신
8124,사회
8125,환경
8126,기술
8127,문학
8128,기술
8129,행복
8130,환경
8131,경제
8132,전쟁
8133,행복
8134,과학
8135,지식
8136,여행
8137,도시
8138,기술
8139,경제
8140,건강
8141,성공
8142,교육
8143,교육
8144,사회
8145,경제
8146,도전
8147,지식
8148,기술
8149,행복
8150,문학
8151,동물
8153,성공
8154,환경
8155,희망
8156,교육
8157,기술
8158,사회
8159,문학
8160,기술
8161,교육
8162,평화
8163,사회
8164,혁신
8165,교육
8166,사회
8167,교육
8168,꿈
8169,전쟁
8170,꿈
8171,행복
8172,환경
8173,설계
8174,철학
8175,사회
8176,성공
8177,사회
8178,예술
8179,행복
8180,교육
8181,철학
8182,사회
8183,전쟁
8184,교육
8185,사회
8186,역사
8187,교육
8188,경제
8189,행복
8190,경제
8191,기술
8192,환경
8193,사회
8194,성공
8195,사회
8196,성공
8197,환경
8198,경제
8199,역사
8200,교육
8201,교육
8202,행복
8203,사회
8204,환경
8205,윤리
8206,윤리
8208,기술
8209,역사
8210,설계
8211,행복
8212,문학
8213,혁신
8214,문학
8215,교육
8216,철학
8217,경제
8218,경제
8219,기술
8220,기술
8221,사회
8222,설계
8223,설계
8225,경제
8226,성공
8227,역사
8228,지식
8229,철학
8230,윤리
8231,교육
8232,경제
8233,기술
8234,환경
8235,행복
8236,지식
8237,윤리
8238,사회
8239,행복
8240,기술
8241,기술
8242,설계
8244,기술
8245,윤리
8246,교육
8247,기술
8248,사회
8249,철학
8250,지식
8251,꿈
8252,설계
8253,사회
8254,역사
8255,경제
8256,철학
8257,환경
8258,경제
8259,과학
8260,문학
8261,경제
8262,역사
8263,혁신
8264,지식
8265,사회
8266,문학
8267,문학
8268,역사
8269,과학
8270,교육
8271,역사
8272,혁신
8273,성공
8274,교육
8275,환경
8276,기술
8277,사회
8278,설계
8279,기술
8280,경제
8281,혁신
8282,교육
8283,환경
8284,기술
8285,문학
8286,예술
8287,기술
8288,경제
8289,환경
8290,경제
8291,기술
8292,교육
8293,설계
8294,환경
8295,예술
8296,환경
8297,철학
8298,역사
8299,결혼
8300,윤리
8301,설계
8302,성공
8303,지식
8304,윤리
8305,기술
8306,경제
8307,지식
8308,교육
8309,기술
8310,희망
8311,역사
8312,문학
8313,행복
8315,혁신
8316,역사
8317,행복
8318,성공
8319,설계
8320,건축
8321,희망
8322,문학
8323,지식
8324,기술
8325,행복
8326,건강
8327,문학
8328,철학
8329,혁신
8330,교육
8331,사회
8332,설계
8333,행복
8334,성공
8335,혁신
8336,교육
8337,건강
8338,윤리
8339,사회
8340,경제
8341,사회
8342,혁신
8343,경제
8344,역사
8345,혁신
8346,꿈
8347,환경
8348,역사
8349,경제
8350,교육
8351,사회
8352,혁신
8353,교육
8354,디자인
8355,혁신
8356,건축
8357,사회
8358,윤리
8359,기술
8360,문학
8361,과학
8362,기술
8363,기술
8364,문학
8365,지식
8366,지식
8367,환경
8368,윤리
8369,건강
8370,철학
8371,예술
8372,철학
8373,행복
8374,여행
8375,교육
8376,지식
8377,행복
8378,혁신
8379,기술
8380,교육
8381,설계
8382,성공
8383,철학
8384,역사
8385,기술
8386,설계
8387,기술
8388,기술
8389,환경
8390,기술
8391,지식
8392,행복
8393,기술
8394,동물
8395,교육
8396,환경
8397,기술
8398,철학
8399,사회
8400,윤리
8401,전쟁
8402,기술
8403,윤리
8404,기술
8405,기술
8406,철학
8407,기술
8408,문학
8409,건강
8410,교육
8411,지식
8412,과학
8413,도시
8414,경제
8415,교육
8416,환경
8417,윤리
8418,사회
8419,경제
8420,지식
8421,꿈
8422,행복
8423,성공
8424,기술
8425,기술
8426,기술
8427,철학
8428,경제
8429,교육
8430,혁신
8431,기술
8432,사회
8433,지식
8434,여행
8435,윤리
8436,사회
8437,운명
8438,혁신
8439,전쟁
8440,경제
8441,교육
8442,윤리
8443,기술
8444,과학
8445,경제
8446,혁신
8447,기술
8448,교육
8449,경제
8450,지식
8451,사회
8452,성공
8453,성공
8456,교육
8457,환경
8458,역사
8459,도시
8460,도전
8461,환경
8462,역사
8463,지식
8464,교육
8465,성공
8466,기술
8467,환경
8468,역사
8469,설계
8470,여행
8471,과학
8472,실패
8473,꿈
8474,역사
8475,역사
8476,혁신
8478,기술
8479,사회
8480,기술
8481,경제
8482,경제
8483,기술
8484,역사
8485,성공
8486,환경
8487,환경
8488,기술
8489,운동
8490,사회
8491,역사
8492,윤리
8493,명상
8494,건축
8495,명상
8496,결혼
8497,교육
8498,경제
8499,경제
8500,역사
8501,환경
8502,윤리
8503,교육
8504,윤리
8505,여행
8506,역사
8507,역사
8508,철학
8509,역사
8510,철학
8511,철학
8512,문학
8513,경제
8514,경제
8515,교육
8516,행복
8517,교육
8518,사회
8519,지식
8520,기술
8521,사회
8522,과학
8523,교육
8524,기술
8525,혁신
8526,경제
8527,교육
8528,문학
8529,기술
8530,명상
8531,행복
8532,교육
8533,사회
8534,역사
8535,결혼
8536,윤리
8537,성공
8538,설계
8539,교육
8540,여행
8541,환경
8542,경제
8543,사회
8544,여행
8545,지식
8546,환경
8547,윤리
8548,환경
8549,기술
8550,역사
8551,문학
8552,문학
8553,건축
8554,사회
8555,기술
8556,혁신
8557,환경
8558,윤리
8559,교육
8560,기술
8561,역사
8562,환경
8563,교육
8564,역사
8565,사회
8566,행복
8567,교육
8568,명상
8569,사회
8570,행복
8571,과학
8572,기술
8573,도전
8574,철학
8575,경제
8576,기술
8577,환경
8578,성공
8579,예술
8580,지식
8581,경제
8582,혁신
8583,혁신
8584,문학
8585,경제
8586,기술
8587,문학
8588,실패
8589,사회
8590,기술
8591,교육
8592,도전
8593,문학
8594,꿈
8595,교육
8596,건축
8597,기술
8599,교육
8600,교육
8602,혁신
8603,교육
8604,행복
8605,교육
8606,환경
8607,혁신
8608,역사
8609,혁신
8610,역사
8611,혁신
8612,희망
8613,문학
8614,문학
8615,철학
8616,혁신
8617,환경
8618,지식
8619,기술
8620,지식
8621,환경
8622,교육
8623,윤리
8624,철학
8625,성공
8626,윤리
8627,교육
8628,기술
8629,사회
8630,경제
8631,경제
8632,교육
8633,환경
8634,행복
8635,행복
8636,행복
8637,역사
8638,꿈
8639,사회
8640,환경
8641,경제
8642,예술
8643,지식
8644,희망
8645,교육
8646,철학
8647,기술
8648,경제
8649,교육
8650,경제
8651,윤리
8652,철학
8653,사회
8654,과학
8655,기술
8656,문학
8657,사회
8658,기술
8659,교육
8660,교육
8661,교육
8662,교육
8664,혁신
8665,철학
8666,문학
8667,사회
8668,역사
8669,지식
8670,건강
8671,교육
8672,환경
8673,건강
8674,지식
8675,기술
8676,건강
8677,교육
8678,사회
8679,행복
8680,사회
8681,행복
8682,교육
8683,역사
8684,건강
8685,환경
8686,혁신
8687,윤리
8688,환경
8689,기술
8690,지식
8691,설계
8692,문학
8693,환경
8694,경제
8695,교육
8696,경제
8697,교육
8698,윤리
8699,과학
8700,경제
8701,혁신
8702,기술
8703,역사
8704,교육
8705,경제
8706,철학
8707,설계
8708,역사
8709,환경
8710,교육
8711,철학
8712,경제
8713,여행
8714,교육
8715,전쟁
8716,철학
8717,지식
8718,건강
8719,행복
8720,교육
8721,교육
8722,교육
8723,철학
8724,지식
8725,희망
8726,기술
8727,혁신
8728,역사
8729,행복
8730,윤리
8731,교육
8732,문학
8733,문학
8734,역사
8735,경제
8736,교육
8737,사회
8738,윤리
8739,역사
8740,교육
8741,문학
8742,과학
8743,사회
8744,지식
8745,행복
8746,행복
8747,역사
8748,역사
8749,건강
8750,기술
8751,철학
8752,철학
8753,역사
8754,운동
8755,역사
8756,지식
8757,교육
8758,철학
8759,경제
8760,교육
8761,행복
8762,지식
8763,문학
8764,설계
8765,윤리
8766,지식
8767,기술
8768,경제
8769,문학
8770,교육
8771,철학
8772,문학
8773,기술
8774,지식
8775,건강
8776,설계
8777,혁신
8778,행복
8779,건강
8780,꿈
8781,윤리
8782,지식
8783,기술
8784,기술
8785,기술
8786,교육
8787,혁신
8788,사회
8789,철학
8790,기술
8791,역사
8792,신뢰
8793,교육
8794,교육
8795,운동
8796,경제
8797,신뢰
8798,사회
8799,환경
8800,기술
8801,사회
8802,성공
8803,사회
8804,문학
8805,기술
8806,학문
8807,지식
8808,교육
8809,기술
8810,기술
8811,희망
8812,환경
8813,교육
8814,과학
8815,역사
8816,신뢰
8817,환경
8818,여행
8820,철학
8821,철학
8823,창의성
8824,사회
8825,철학
8826,기술
8827,기술
8828,행복
8829,지식
8831,환경
8832,도시
8833,철학
8834,경제
8835,기술
8836,혁신
8837,도시
8838,철학
8839,교육
8840,신뢰
8841,환경
8843,운동
8844,윤리
8845,기술
8846,교육
8847,건강
8848,기술
8849,과학
8850,윤리
8851,윤리
8852,성공
8853,사회
8854,역사
8855,환경
8856,과학
8857,지식
8858,설계
8859,철학
8860,신뢰
8861,환경
8862,윤리
8863,기술
8864,기술
8865,경제
8866,사회
8867,철학
8868,윤리
8869,혁신
8870,역사
8871,기술
8872,기술
8873,경제
8874,지식
8875,사회
8876,문학
8877,철학
8878,문학
8879,행복
8880,과학
8881,창의성
8882,역사
8883,성공
8884,기술
8885,문학
8886,혁신
8887,역사
8888,행복
8889,역사
8890,윤리
8891,윤리
8892,문학
8893,설계
8894,설계
8895,교육
8896,경제
8897,행복
8898,윤리
8899,경제
8900,환경
8901,교육
8902,경제
8903,환경
8904,철학
8905,지식
8906,기술
8907,윤리
8908,문학
8909,교육
8910,행복
8911,교육
8912,역사
8913,역사
8914,설계
8915,경제
8916,환경
8917,윤리
8918,환경
8919,교육
8920,철학
8921,교육
8922,행복
8923,교육
8924,설계
8925,성공
8926,희망
8927,성공
8928,교육
8929,과학
8930,역사
8931,설계
8932,환경
8933,역사
8934,교육
8935,경제
8936,성공
8937,설계
